שם המנה,תיאור מקורי,מחיר,קטגוריה,חריף,רמת חריפות,מכיל סויה,מכיל חלב/לקטוז,מכיל גלוטן,מכיל דג,דג נא,מכיל ביצים,מכיל אגוזים/בוטנים,מכיל שומשום,טבעוני,צמחוני,מטוגן,מתאים לילדים,מנה קלה,מנה כבדה/עמוקה,סוג חלבון,טמפרטורת הגשה,הערות סמנטיות
צ׳יז בולס – BLACK EDITION,"כדורי אורז קראנצ׳יים בציפוי פנקו ומילוי גבינת מוצרלה, עם רוטב טריאקי, עלי מיקרו ושומשום שחור קלוי מעל. בסניפים כשרים המנה מגיעה עם מוצרלה טבעונית",36 ₪,מנות פתיחה,לא,,כן – רוטב טריאקי מכיל סויה,כן – מוצרלה (בסניפים כשרים: מוצרלה טבעונית),כן – ציפוי פנקו,לא,לא,לא,לא,כן – שומשום שחור קלוי,לא (בסניפים כשרים: כן עם מוצרלה טבעונית),כן,כן – מטוגן עמוק,"כן – כדורי גבינה קראנצ׳יים, טעם מוכר לילדים",לא – מנה מטוגנת,כן – עשיר ומטוגן,גבינה,חם,בסניפים כשרים המנה מגיעה עם מוצרלה טבעונית – חשוב לוודא בעת הזמנה
קריספי רייס ספייסי סלמון,"4 יחידות של אצה ואורז מטוגנים בפנקו, מוגשים עם ספייסי סלמון, רוטב צ'ילי חריף, טוביקו שחור בקישוט עלי מיקרו",54 ₪,מנות פתיחה,כן,בינוני-חריף – רוטב צ'ילי חריף,כן – ברוטב,לא,כן – ציפוי פנקו,כן – סלמון נא,כן – ספייסי סלמון (דג נא),לא,לא,לא,לא,לא,כן – אורז ואצה מטוגנים,לא – דג נא וחריף,לא – מנה מטוגנת,בינוני,דג (סלמון נא),חם (בסיס) + קר (הדג נא),"מכיל דג נא – לא מתאים לנשים הרות, קשישים או אנשים עם חסינות מוחלשת. חריף!"
קריספי רייס ספייסי דניס,"4 יחידות של אצה ואורז מטוגנים בפנקו, מוגשים עם ספייסי דניס, רוטב צ'ילי חריף, טוביקו שחור בקישוט עלי מיקרו",52 ₪,מנות פתיחה,כן,בינוני-חריף,כן,לא,כן – ציפוי פנקו,כן – דניס נא,כן – ספייסי דניס (דג נא),לא,לא,לא,לא,לא,כן,לא – דג נא וחריף,לא,בינוני,דג (דניס נא),חם (בסיס) + קר (הדג),דג נא – לא מתאים לנשים הרות. חריף
קריספי רייס ספייסי טונה,"4 יחידות של אצה ואורז מטוגנים בפנקו, מוגשים עם ספייסי טונה, רוטב צ'ילי חריף, טוביקו שחור בקישוט עלי מיקרו",52 ₪,מנות פתיחה,כן,בינוני-חריף,כן,לא,כן,כן – טונה נא,כן,לא,לא,לא,לא,לא,כן,לא – דג נא וחריף,לא,בינוני,דג (טונה נא),חם/קר,"טונה נא – אלרגן נפוץ, לא לנשים הרות. חריף"
וונטון,"טבעוני   4 יח' של כיסוני ירקות מטוגנים (במילוי כרוב, בצל, פטריות ואטריות שעועית) מוגש עם רוטב פונזו",34 ₪,מנות פתיחה,לא,,כן – רוטב פונזו מכיל סויה,לא,כן – בצק הכיסונים,לא,לא,לא,לא,לא,כן,כן,כן – מטוגן,"כן – כיסונים מטוגנים עם ירקות, טעם עדין",לא – מטוגן,בינוני,ירקות,חם,טבעוני! אפשרות טובה לצמחוניים. מגיע עם רוטב פונזו
משולשי סלמון ומוצרלה,"2 יח' של כיסוני אצת נורי במילוי סלמון וגבינת מוצרלה מצופה בטמפורה ופנקו מטוגן בשמן עמוק, מוגש עם רוטב טריאקי וספייסי מיונז בקישוט שומשום",46 ₪,מנות פתיחה,לא,,כן – רוטב טריאקי,כן – גבינת מוצרלה,כן – טמפורה ופנקו,כן – סלמון,לא – הסלמון מוכל בטיגון,אפשרי – בבלילת טמפורה,לא,כן – שומשום,לא,לא,כן – טיגון עמוק,בינוני – טעם מוכר אך מטוגן,"לא – מטוגן עמוק, עשיר",כן,דג (סלמון) + גבינה,חם,שילוב סלמון וגבינה מטוגן – עשיר ומשביע. הסלמון מבושל (לא נא)
נאמס עוף,"2 יח' של דפי אורז קריספיים במילוי עוף וירקות, עם רוטב יוזו צ'ילי וליים, בליווי של חסה אייסברג, כוסברה, נענע, נבטים, בצל סגול וטבעות צ'ילי אדום",47 ₪,מנות פתיחה,כן – רוטב יוזו צ'ילי,קל-בינוני,לא,לא,כן – דפי אורז (עשויים להכיל),לא,לא,לא,לא,לא,לא – עוף,לא,לא – עטוף בדפי אורז,"לא – חריף, עם כוסברה ונענע","כן – עדין, עם ירקות טריים",לא,עוף,קר/טמפ' חדר,מנה רעננה עם עשבי תיבול. מוגש עם ליים וצ'ילי – חריף בינוני. טוב לאוהבי אוכל תאילנדי
אורז ירקות מוקפץ,ללא גלוטן,21 ₪,תוספות,לא,,כן – ברוב מוקפצים,לא,לא,לא,לא,אפשרי,לא,אפשרי,כן (ללא ביצה),כן,כן – מוקפץ,כן – אורז פשוט,כן – תוספת קלה,לא,אין,חם,ללא גלוטן. תוספת בסיסית ומתאימה לכולם
אורז לבן מאודה,ללא גלוטן,15 ₪,תוספות,לא,,לא,לא,לא,לא,לא,לא,לא,לא,כן,כן,לא – מאודה,כן,כן,לא,אין,חם,ללא גלוטן. הפשוט ביותר – טוב לילדים ולרגישויות
קריספי פיש,חריף   אצבעות דג בטמפורה קרנצ'י. מוגש עם רוטב איולי הויסין,44 ₪,מנות פתיחה,כן,חריף – מסומן במסעדה,כן – הויסין,לא,כן – טמפורה,כן – דג מטוגן,לא – מטוגן,אפשרי – בלילת טמפורה,לא,לא,לא,לא,כן – טמפורה,לא – חריף,לא,בינוני,דג מטוגן,חם,חריף! הדג מטוגן בטמפורה קרנצ'י. לא מתאים לרגישי גלוטן
קרנצ׳י צי׳קן,כדורי עוף פריכים מוגשים עם רוטב חמוץ מתוק.,35 ₪,מנות פתיחה,לא,,לא,לא,כן – ציפוי,לא,לא,אפשרי,לא,לא,לא,לא,כן,"כן – כדורי עוף פריכים, טעם מוכר ואהוב על ילדים",לא,בינוני,עוף,חם,אחת המנות הכי ידידותיות לילדים. רוטב חמוץ-מתוק עדין
סביצ׳ה,"חריף   סביצ׳ה דג דניס, עגבניות, בצל סגול, כוסברה, נענע, צנונית, צ׳ילי אדום ושבבי אורז על מצע רוטב איולי קארי",44 ₪,מנות פתיחה,כן,חריף – צ'ילי אדום,לא,לא,כן -סויה,כן – דניס נא,כן – דניס 'מבושל' בחומצה (לא בחום),לא,לא,לא,לא,לא,לא – טרי,"לא – חריף, דג נא",כן – מנה רעננה וקלה,לא,דג (דניס נא/מחומצן),קר,חריף! הדג 'מבושל' בחומצת לימון ולא בחום – עדיין נחשב דג נא. לא לנשים הרות. מכיל סויה - גלוטן
צ׳יז בולס,"כדורי אורז קראנצ׳יים בציפוי פנקו ומילוי גבינת מוצרלה, עם רוטב טריאקי, עלי מיקרו ושומשום קלוי מעל",36 ₪,מנות פתיחה,לא,,כן – טריאקי,כן – מוצרלה,כן – פנקו,לא,לא,לא,לא,כן – שומשום,לא,כן,כן,כן – כדורי גבינה אהובים על ילדים,לא,בינוני,גבינה,חם,גרסה רגילה (לא BLACK EDITION). כדורי גבינה קלאסיים
חמוצים יפניים,"טבעוני ללא גלוטן   כרוב, גזר, מלפפון, פלפלים וצנון, בקישוט שומשום קלוי. הרכיבים יכולים להשתנות בהתאם לעונה",21 ₪,תוספות,לא,,לא,לא,לא,לא,לא,לא,לא,כן – שומשום קלוי,כן,כן,לא,כן – ירקות מוחמצים קלים,כן – מאוד קל,לא,אין,קר,"טבעוני, ללא גלוטן. הרכיבים משתנים לפי עונה. מנה מרעננת ומאוד קלה"
אדממה,טבעוני ללא גלוטן   פולי סויה ירוקה עם מלח ים ופלח לימון.,21 ₪,תוספות,לא,,כן! – זה עצמו פולי סויה,לא,לא,לא,לא,לא,לא,לא,כן,כן,לא – מאודה,"כן – פולים ירוקים מלוחים, כיפי לאכול",כן,לא,קטניות (סויה),חם/פושר,אלרגיה לסויה? לא מתאים! פולי סויה ירוקה עם מלח ים – קלאסיק יפני
ספרינג רול ירקות,"טבעוני   2 יח' במילוי כרוב, גזר, נבטים, אטריות שעועית ובצל ירוק, מוגש עם רוטב חמוץ מתוק.",35 ₪,מנות פתיחה,לא,,לא,לא,כן – עטיפת הרול,לא,לא,לא,לא,לא,כן,כן,כן,כן – עדין וטעים,לא – מטוגן,בינוני,ירקות,חם,טבעוני. רוטב חמוץ-מתוק עדין. 2 יחידות
גיוזה עוף 5 יח',חמישה כיסונים במילוי עוף וירקות. מוגש עם רוטב סויה וג'ינג'ר.,35 ₪,מנות פתיחה,לא,,כן – רוטב סויה,לא,כן – בצק הכיסונים,לא,לא,לא,לא,לא,לא,לא,כן/אפיה – גיוזה בדרך כלל מטוגן+אפוי,כן – כיסוני עוף עדינים,בינוני,לא,עוף,חם,5 כיסונים. גיוזה קלאסי. רוטב סויה וג'ינג'ר – לא מתאים לאלרגיה לסויה
גיוזה בטטה 5 יח',טבעוני   חמישה כיסונים במילוי בטטה וירקות. מוגש עם רוטב סויה וג'ינג'ר.,32 ₪,מנות פתיחה,לא,,כן – רוטב סויה,לא,כן – בצק,לא,לא,לא,לא,לא,כן,כן,כן/אפיה,כן,בינוני,לא,ירקות (בטטה),חם,טבעוני! גרסה ירקנית טעימה. מתאים לצמחוניים ולטבעונים
כנפיים קטן,חריף   כנפיים פריכות בתמרינדי ובקישוט שומשום (8 יח' כנף),29 ₪,מנות פתיחה,כן,חריף – תמרינדי,לא,לא,כן – אפשרי בציפוי,לא,לא,לא,לא,כן – שומשום,לא,לא,כן – פריך,לא – חריף,לא,בינוני,עוף (כנפיים),חם,חריף! 8 יחידות כנף. רוטב תמרינדי אסייתי. לא מתאים לילדים
כנפיים גדול,חריף   כנפיים פריכות בתמרינדי ובקישוט שומשום (14 יח' כנף),41 ₪,מנות פתיחה,כן,חריף,לא,לא,כן – אפשרי,לא,לא,לא,לא,כן,לא,לא,כן,לא,לא,כן – 14 כנפיים,עוף,חם,חריף! 14 כנפיים – גדול לחלוקה. מנה שיתופית
קריספי בטטה,טבעוני   רצועות בטטה בטמפורה מוגשות עם רוטב טריאקי.,27 ₪,תוספות,לא,,כן – רוטב טריאקי,לא,כן – טמפורה,לא,לא,אפשרי – בבלילה,לא,לא,כן (לבדוק את הטמפורה),כן,כן – טמפורה,כן – בטטה מתוקה ופריכה,לא – מטוגן,בינוני,ירקות,חם,טבעוני (ברוב המקרים). בטטה מתוקה בטמפורה – אהובה על ילדים
טום יאם תאילנדי  ירקות,"חריף ללא גלוטן   עם ציר עוף, חלב קוקוס, אטריות שעועית, בצל ירוק, ירקות וקישוט כוסברה.",31 ₪,מרקים,כן,חריף – קלאסי תאילנדי,לא,לא – חלב קוקוס,לא,לא,לא,לא,לא,לא,לא – ציר עוף (ירקות אך עם ציר עוף!),לא – ציר עוף,לא,לא – חריף מאוד,כן – מרק,לא,ירקות (ציר עוף),חם,חריף! למרות השם 'ירקות' הוא מכיל ציר עוף – לא מתאים לצמחוניים. ללא גלוטן
טום יאם תאילנדי עוף,"חריף ללא גלוטן   עם ציר עוף, חלב קוקוס, אטריות שעועית,בצל ירוק, ירקות וקישוט כוסברה.",46 ₪,מרקים,כן,חריף,לא,לא,לא,לא,לא,לא,לא,לא,לא,לא,לא,לא – חריף,כן,לא,עוף,חם,חריף! מרק תאילנדי עם חלב קוקוס. ללא גלוטן. לא לילדים
טום יאם תאילנדי דניס,"חריף ללא גלוטן   דג דניס עם ציר עוף, חלב קוקוס, אטריות שעועית, בצל ירוק, ירקות וקישוט כוסברה",47 ₪,מרקים,כן,חריף,לא,לא,לא,כן – דניס מבושל,לא – הדג מבושל,לא,לא,לא,לא,לא,לא,לא – חריף,כן,לא,דג (דניס מבושל),חם,חריף! הדג מבושל במרק – בטוח. ללא גלוטן
מרק מיסו,"מרק יפני מסורתי עם ציר דאשי, קוביות טופו, אצות וואקמה ובצל ירוק.",21 ₪,מרקים,לא,,כן! – מיסו הוא ממחית סויה,לא,אפשרי – מיסו מסוים מכיל שעורה,כן – ציר דאשי (מדגים),לא,לא,לא,לא,לא – ציר דאשי מדגים,לא – דאשי,לא,כן – עדין וקל,כן – מרק קל,לא,טופו + דגים (ציר),חם,מכיל סויה (מיסו) וציר דגים (דאשי). מרק יפני קלאסי. עדין וקל – טוב כמנה נלווית
מרק תירס תאילנדי,"חריף   עם קארי אדום, חלב קוקוס, אטריות אודון ועוף.",37 ₪,מרקים,כן,חריף – קארי אדום,לא,לא – חלב קוקוס,כן – אטריות אודון,לא,לא,לא,לא,לא,לא – עוף,לא,לא,לא – חריף,בינוני,בינוני,עוף,חם,חריף! אטריות אודון בקארי – לא ללא גלוטן
מרק בטטה וג׳ינג׳ר,"טבעוני ללא גלוטן   על בסיס ציר ירקות, בטטה, חלב קוקוס וג'ינג'ר ובליווי שבבי אורז וקישוט בצל ירוק.",36 ₪,מרקים,לא,,לא,לא – חלב קוקוס,לא,לא,לא,לא,לא,לא,כן,כן,לא,"כן – מתוק וחמים, ללא חריפות",כן,לא,ירקות,חם,"טבעוני! ללא גלוטן! אחד המרקים הבטוחים ביותר לרגישויות. עדין, קרמי ומתאים לילדים"
סלט תפוחים קריספי,"חריף   סלט מרענן ברוטב תמרינדי וצ'ילי, עם עוף קריספי בטמפורה, תפוח עץ גרנד סמיט ירוק, עלי תרד, כוסברה, נענע, בזיליקום, קולורבי ובצל סגול בקישוט בוטנים גרוסים",42 ₪,סלטים,כן,חריף – תמרינדי וצ'ילי,לא,לא,כן – עוף בטמפורה,לא,לא,אפשרי – בטמפורה,כן – בוטנים!,לא,לא,לא,חלקי – עוף בטמפורה,"לא – חריף, בוטנים",בינוני,בינוני,עוף,קר + עוף חם,חריף! מכיל בוטנים (אלרגן נפוץ!). רעננות של תפוח עם חריפות. לא לאלרגיה לבוטנים
ספייסי צ׳יקן סלט,"חריף   חסה אייסברג, פלפלים, עגבניות שרי, בצל סגול, בצל ירוק, ברוקולי ואבוקדו. ברוטב ויניגרט ליים. מוגש עם רצועות חזה עוף בגריל",49 ₪,סלטים,כן,חריף – ויניגרט ליים,לא,לא,לא,לא,לא,לא,לא,לא,לא,לא,לא – גריל,לא – חריף,כן – סלט עם עוף גריל,לא,עוף גריל,קר + עוף חם,חריף! ללא גלוטן. סלט קל ובריא עם עוף גריל. מתאים לדיאטה
ספייסי טופו סלט,"חריף   חסה אייסברג, פלפלים, עגבניות שרי, בצל סגול, בצל ירוק, ברוקולי ואבוקדו. ברוטב ויניגרט ליים. מוגש עם טופו (הרוטב מכיל ביצים ולא מתאים לטבעונים)",48 ₪,סלטים,כן,חריף,כן – טופו,לא,לא,לא,לא,כן – הרוטב מכיל ביצים!,לא,לא,לא – ביצים ברוטב,כן,לא,לא – חריף,כן,לא,טופו,קר,חריף! הרוטב מכיל ביצים – לא מתאים לטבעונים! ללא גלוטן. קל ומתאים לצמחוניים
סלט דג קריספי,"חריף   דג קריספי, עגבניות שרי, קולורבי, נענע, שום, בצל סגול, כוסברה, בזיליקום, טבעות צ'ילי אדום ובוטנים גרוסים. ברוטב תמרינדי",39 ₪,סלטים,כן,חריף – צ'ילי אדום,לא,לא,כן – דג בציפוי,כן – דג מטוגן,לא – מטוגן,אפשרי,כן – בוטנים,לא,לא,לא,חלקי – דג מטוגן,"לא – חריף, בוטנים",בינוני,לא,דג מטוגן,קר + דג חם,חריף! בוטנים (אלרגן). תמרינדי חמוץ-חריף. מעניין ומורכב
סלט אטריות שעועית,"חריף   כרוב לבן וסגול, אטריות שעועית, גזר, צ'ילי אדום, בצל סגול, כוסברה, נענע, עלי מיקרו בזיליקום, אגוזי קשיו מסוכרים עם רוטב חמאת בוטנים וטחינה בצד
*הסלט מכיל ציר דגים ואינו טבעוני",37 ₪,סלטים,כן,חריף,לא,לא,לא – אטריות שעועית,כן – ציר דגים ברוטב!,לא,לא,כן – חמאת בוטנים + קשיו,לא,לא – ציר דגים,לא – ציר דגים,לא,"לא – חריף, בוטנים",בינוני,לא,ירקות + אגוזים (ציר דגים),קר,חריף! נראה צמחוני אך מכיל ציר דגים. מכיל חמאת בוטנים וקשיו. לא לאלרגיה לבוטנים!
סלט וואקמה,"אצות וואקאמה, אטריות שעועית, מלפפון, גזר ובצל ירוק ברוטב פונזו",35 ₪,סלטים,לא,,כן – רוטב פונזו,לא,לא,כן – פונזו מכיל לעיתים ציר דגים,לא,לא,לא,לא,אולי – לבדוק את הפונזו,אולי,לא,כן – עדין,כן – מאוד קל,לא,אצות,קר,מנה קלה מאוד. אצות וואקמה עם פונזו. ללא גלוטן
סלט טופו מלפפונים,טבעוני   סלט טופו ומלפפונים ברוטב חמאת בוטנים וחלב קוקוס,37 ₪,סלטים,לא,,כן – טופו,לא,לא,לא,לא,לא,כן – חמאת בוטנים,לא,כן,כן,לא,"כן – עדין, בטעם קרמי",כן,לא,טופו,קר,טבעוני! ללא גלוטן. מכיל חמאת בוטנים – לא לאלרגיה. מנה רעננה וקלה
סלט עוף מלפפונים,סלט עוף ומלפפונים ברוטב חמאת בוטנים וחלב קוקוס,37 ₪,סלטים,לא,,לא,לא,לא,לא,לא,לא,כן – חמאת בוטנים,לא,לא,לא,לא,"כן – עדין, ללא חריפות",כן,לא,עוף,קר,ללא גלוטן. מכיל חמאת בוטנים. מנה קלה ומזינה
סלט שורשים,"טבעוני ללא גלוטן   חסה אייסברג, עגבניות שרי, קולורבי, גזר, צנונית, ובצל ירוק, ברוטב ויניגרט אסייתי",39 ₪,סלטים,לא,,לא,לא,לא,לא,לא,לא,לא,לא,כן,כן,לא,כן – סלט עדין,כן – מאוד קל,לא,ירקות,קר,טבעוני! ללא גלוטן! אחד הסלטים הנקיים ביותר. ללא אלרגנים נפוצים
סלט אוסקה,"חריף   כרוב, גזר, עגבניות שרי, בצל סגול, עלי נענע וכוסברה. ברוטב צ'ילי ולמון גראס",39 ₪,סלטים,כן,חריף – צ'ילי ולמון גראס,לא,לא,לא,לא,לא,לא,לא,לא,כן,כן,לא,לא – חריף,כן,לא,ירקות,קר,"חריף! טבעוני, ללא גלוטן. מרענן ועם נענע וכוסברה. ריחני מאוד"
סלט נאם טוק ניה תאילנדי,"חריף   פרוסות בקר מוקפצות, שבבי אורז, עגבניות שרי, בצל סגול, בצל ירוק, כוסברה, עלי נענע וטבעות צ'ילי אדום. ברוטב תמרינדי, ליים וסויה מתוקה",39 ₪,סלטים,כן,חריף – תמרינדי וצ'ילי,כן – סויה מתוקה,לא,לא,לא,לא,לא,לא,לא,לא – בקר,לא,לא – מוקפץ,"לא – חריף, בקר",בינוני,לא,בקר,חם/פושר,חריף! סלט תאילנדי קלאסי עם בקר מוקפץ. ללא גלוטן
באן בורגר – 2 יח',"המבורגר בלחמניית באן, רוטב ברביקיו, ספייסי מיונז, מלפפון חמוץ, בצל סגול וחסה אייסברג. מידת עשייה - מדיום וול",62 ₪,באן,קל – ספייסי מיונז,קל,לא,לא,כן – לחמניית באן,לא,לא,כן – מיונז,לא,לא,לא,לא,לא – גריל,"בינוני – המבורגר, אך ספייסי מיונז",לא,כן – מנה מלאה,בקר (המבורגר),חם,מידת עשייה מדיום-וול. 2 יחידות. ספייסי מיונז – קצת חריף. לחמניית באן רכה
באן בקר מפורק – 2 יח',"בקר מפורק במרינדה בלחמניית באן, רוטב ברביקיו, ספייסי מיונז, מלפפון חמוץ, בצל סגול וחסה אייסברג",49 ₪,באן,קל,קל,לא,לא,כן – לחמנייה,לא,לא,כן – מיונז,לא,לא,לא,לא,לא,כן – בקר מפורק עדין,לא,כן,בקר מפורק,חם,בקר מפורק עדין ומשובח. 2 יחידות. אחד המנות הנוחות לאכילה
באן שניצל עוף – 2 יח',"שניצל בפנקו בלחמניית באן, רוטב ברביקיו, ספייסי מיונז, מלפפון חמוץ, בצל סגול וחסה אייסברג",42 ₪,באן,קל,קל,לא,לא,כן – פנקו + לחמנייה,לא,לא,כן – מיונז + אפשרי בציפוי,לא,לא,לא,לא,כן – פנקו,כן – שניצל! מנה אהובה על ילדים,לא,בינוני,עוף,חם,שניצל עוף קלאסי בלחמניית באן. מנה ידידותית לילדים ולמשפחות
באן טופו – 2 יח',"טופו בפנקו בלחמניית באן, רוטב ברביקיו, ספייסי מיונז, מלפפון חמוץ, בצל סגול , וחסה אייסברג",42 ₪,באן,קל,קל,כן – טופו,לא,כן – פנקו + לחמנייה,לא,לא,כן – מיונז,לא,לא,לא – מיונז,כן,כן,כן,לא,בינוני,טופו,חם,צמחוני. מכיל סויה. המיונז לא מתאים לטבעונים
ניגירי האמצ׳י,אצבע אורז עטופה בהאמצ׳י- 2 יחידות.,31 ₪,סושי,לא,,כן – רוטב סויה בצד,לא,לא,כן – האמצ׳י (דג ים נא),כן – דג האמצ׳י נא,לא,לא,לא,לא,לא,לא,לא – דג נא,כן,לא,דג (האמצ׳י נא),קר,2 יחידות. האמצ׳י (ילוטייל) – דג נא. לא לנשים הרות. ללא גלוטן
סשימי האמצ׳י,נתחי האמצ׳י.,51 ₪,סושי / סשימי,לא,,כן – בצד,לא,לא,כן – נא לגמרי,כן,לא,לא,לא,לא,לא,לא,לא – דג נא,כן,לא,דג (האמצ׳י נא בלבד),קר,"סשימי = נתחי דג נא בלבד, ללא אורז. הכי טהור. לא לנשים הרות. ללא גלוטן"
מאקי ירק,"רול דק עטוף באצת נורי, מחולק ל-6 יחידות.לבחירה ירק אחד.",22 ₪,סושי,לא,,כן – רוטב סויה בצד,לא,לא,לא,לא,לא,לא,לא,כן,כן,לא,כן,כן,לא,ירקות,קר,רול דק 6 יח׳. ירק אחד לבחירה. ללא גלוטן. טבעוני
מאקי ירק I/O,"רול דק עטוף באצת נורי, מחולק ל-6 יחידות לבחירה שני ירקות.",23 ₪,סושי,לא,,כן – רוטב סויה בצד,לא,לא,לא,לא,לא,לא,לא,כן,כן,לא,כן,כן,לא,ירקות,קר,רול I/O 6 יח׳. שני ירקות לבחירה. ללא גלוטן. טבעוני
מאקי דג,"רול דק עטוף באצת נורי, מחולק ל-6 יחידות. לבחירה דג אחד.",25 ₪,סושי,לא,,כן – רוטב סויה בצד,לא,לא,כן – דג נא,כן – דג נא,לא,לא,לא,לא,לא,לא,לא – דג נא,כן,לא,דג נא,קר,רול דק 6 יח׳. דג אחד לבחירה. לא לנשים הרות. ללא גלוטן
מאקי דג I/O,"רול דק עטוף באצת נורי, מחולק ל-6 יחידות.לבחירה דג אחד וירק אחד.",29 ₪,סושי,לא,,כן – רוטב סויה בצד,לא,לא,כן – דג נא,כן – דג נא,לא,לא,לא,לא,לא,לא,לא – דג נא,כן,לא,דג נא,קר,רול I/O 6 יח׳. דג וירק לבחירה. לא לנשים הרות. ללא גלוטן
מאקי ירק בטמפורה,"6 יחידות מאקי ירק בטמפורה, מוגש חם עם רוטב טריאקי",26 ₪,סושי,לא,,כן – רוטב טריאקי,לא,כן – טמפורה,לא,לא,אפשרי,לא,לא,כן,כן,כן – מטוגן,כן,לא,בינוני,ירקות,חם,6 יח׳ מטוגנים בטמפורה. מוגש חם עם טריאקי. מכיל גלוטן
מאקי דג בטמפורה,"6 יחידות מאקי של דג בטמפורה, מוגש חם עם רוטב טריאקי (שימו לב כי המאקי עובר טיגון עמוק מה שגורם לדג הנא להתבשל באופן חלקי)",27 ₪,סושי,לא,,כן – רוטב טריאקי,לא,כן – טמפורה,כן – דג,לא – הדג מתבשל,אפשרי,לא,לא,לא,לא,כן – מטוגן,לא,לא,בינוני,דג מבושל,חם,6 יח׳ דג בטמפורה. הדג מתבשל בטיגון. מוגש חם עם טריאקי. מכיל גלוטן
פוטומאקי 4 יח',"רול עבה עטוף באצת נורי, מחולק ל-4 יחידות. לבחירה דג ושני ירקות או שלושה ירקות (ללא דג).",22 ₪,סושי,לא,,כן – רוטב סויה בצד,לא,לא,לבחירה,לבחירה,לא,לא,לא,אפשרי,אפשרי,לא,כן,כן,לא,לבחירה,קר,רול עבה 4 יח׳. לבחירה דג ושני ירקות או שלושה ירקות. ללא גלוטן
פוטומאקי 4 יח' I/O,לבחירה דג ושני ירקות או שלושה ירקות (ללא דג).,25 ₪,סושי,לא,,כן – רוטב סויה בצד,לא,לא,לבחירה,לבחירה,לא,לא,לא,אפשרי,אפשרי,לא,כן,כן,לא,לבחירה,קר,רול I/O 4 יח׳. לבחירה דג ושני ירקות או שלושה ירקות. ללא גלוטן
פוטומאקי דג 4 יח',"רול עבה עטוף באצת נורי, לבחירה שני דגים. ניתן להוסיף ירק לבחירתכם.",28 ₪,סושי,לא,,כן – רוטב סויה בצד,לא,לא,כן – שני דגים,כן – דג נא,לא,לא,לא,לא,לא,לא,לא – דג נא,כן,לא,דג נא,קר,רול עבה 4 יח׳. שני דגים לבחירה. לא לנשים הרות. ללא גלוטן
פוטומאקי דג 4 יח' I/O,לבחירה שני דגים. ניתן להוסיף ירק לבחירתכם.,30 ₪,סושי,לא,,כן – רוטב סויה בצד,לא,לא,כן – שני דגים,כן – דג נא,לא,לא,לא,לא,לא,לא,לא – דג נא,כן,לא,דג נא,קר,רול I/O 4 יח׳ עם שני דגים. לא לנשים הרות. ללא גלוטן
פוטומאקי ירק 8 יח',"רול עבה עטוף באצת נורי, מחולק ל-8 יחידות. לבחירה שלושה ירקות.",32 ₪,סושי,לא,,כן – רוטב סויה בצד,לא,לא,לא,לא,לא,לא,לא,כן,כן,לא,כן,כן,לא,ירקות,קר,רול עבה 8 יח׳. שלושה ירקות לבחירה. ללא גלוטן. טבעוני
פוטומאקי ירק 8 יח' I/O,לבחירה שלושה ירקות.,37 ₪,סושי,לא,,כן – רוטב סויה בצד,לא,לא,לא,לא,לא,לא,לא,כן,כן,לא,כן,כן,לא,ירקות,קר,רול I/O 8 יח׳. שלושה ירקות לבחירה. ללא גלוטן. טבעוני
פוטומאקי דג וירק 8 יח',"רול עבה עטוף באצת נורי, מחולק ל-8 יחידות. לבחירה דג ושני ירקות.",36 ₪,סושי,לא,,כן – רוטב סויה בצד,לא,לא,כן – דג,כן – דג נא,לא,לא,לא,לא,לא,לא,לא – דג נא,כן,לא,דג נא,קר,רול עבה 8 יח׳. דג ושני ירקות. לא לנשים הרות. ללא גלוטן
פוטומאקי דג וירק 8 יח' I/O,לבחירה דג ושני ירקות,38 ₪,סושי,לא,,כן – רוטב סויה בצד,לא,לא,כן – דג,כן – דג נא,לא,לא,לא,לא,לא,לא,לא – דג נא,כן,לא,דג נא,קר,רול I/O 8 יח׳. דג ושני ירקות. לא לנשים הרות. ללא גלוטן
פוטומאקי דג 8 יח',"רול עבה עטוף באצת נורי, לבחירה שני דגים. ניתן להוסיף ירק לבחירתכם.",42 ₪,סושי,לא,,כן – רוטב סויה בצד,לא,לא,כן – שני דגים,כן – דג נא,לא,לא,לא,לא,לא,לא,לא – דג נא,בינוני,לא,דג נא,קר,רול עבה 8 יח׳. שני דגים לבחירה. לא לנשים הרות. ללא גלוטן
פוטומאקי דג 8 יח' I/O,לבחירה שני דגים. ניתן להוסיף ירק לבחירתכם.,44 ₪,סושי,לא,,כן – רוטב סויה בצד,לא,לא,כן – שני דגים,כן – דג נא,לא,לא,לא,לא,לא,לא,לא – דג נא,בינוני,לא,דג נא,קר,רול I/O 8 יח׳. שני דגים לבחירה. לא לנשים הרות. ללא גלוטן
סנדויץ’ סושי,4 משולשי I/O בציפוי שבבי טמפורה. לבחירה דג ושני ירקות או שלושה ירקות (ללא דג).,42 ₪,סושי,לא,,כן – רוטב סויה בצד,לא,כן – שבבי טמפורה,לבחירה,לבחירה,לא,לא,לא,אפשרי,אפשרי,לא,כן,בינוני,לא,לבחירה,קר,4 משולשי I/O בציפוי שבבי טמפורה. לבחירה דג ושני ירקות או שלושה ירקות
סנדויץ’ סושי בטמפורה,4 משולשים מטוגנים בציפוי טמפורה. לבחירה דג ושני ירקות או שלושה ירקות (ללא דג). מוגש חם עם רוטב טריאקי (שימו לב כי הסנדויץ' עובר טיגון עמוק מה שגורם לדג הנא להתבשל באופן חלקי),47 ₪,סושי,לא,,כן – רוטב טריאקי,לא,כן – טמפורה,לבחירה,לא – הדג מתבשל,לא,לא,לא,לא,לא,כן – מטוגן,בינוני,לא,בינוני,לבחירה,חם,4 משולשים מטוגנים בטמפורה. הדג מתבשל חלקית. מוגש חם עם טריאקי
סנדוויץ’ דג,4 משולשי I/O בציפוי שבבי טמפורה. לבחירה שני דגים. ניתן להוסיף ירק לבחירתכם.,49 ₪,סושי,לא,,כן – רוטב סויה בצד,לא,כן – שבבי טמפורה,כן – שני דגים,כן – דג נא,לא,לא,לא,לא,לא,לא,לא – דג נא,בינוני,לא,דג נא,קר,4 משולשי I/O עם שני דגים. לא לנשים הרות. ללא גלוטן
סנדוויץ' דג בטמפורה,4 משולשים מטוגנים בציפוי טמפורה. לבחירה שני דגים. ניתן להוסיף ירק לבחירתכם. שימו לב כי הסנדויץ' עובר טיגון עמוק מה שגורם לדג הנא להתבשל באופן חלקי,54 ₪,סושי,לא,,כן – רוטב טריאקי,לא,כן – טמפורה,כן – שני דגים,לא – מתבשל,לא,לא,לא,לא,לא,כן – מטוגן,בינוני,לא,בינוני,דג מבושל,חם,4 משולשים מטוגנים עם שני דגים. הדג מתבשל. מוגש חם עם טריאקי
קונוס ירק,אצת נורי מגולגלת כקונוס ובתוכה אורז ומרכיבים לבחירה - שלושה ירקות.,26 ₪,סושי,לא,,כן – רוטב סויה בצד,לא,לא,לא,לא,לא,לא,לא,כן,כן,לא,כן,כן,לא,ירקות,קר,אצת נורי בצורת קונוס. שלושה ירקות לבחירה. ללא גלוטן. טבעוני
קונוס דג וירק,אצת נורי מגולגלת כקונוס ובתוכה אורז ומרכיבים לבחירה - דג ושני ירקות.,27 ₪,סושי,לא,,כן – רוטב סויה בצד,לא,לא,כן – דג,כן – דג נא,לא,לא,לא,לא,לא,לא,לא – דג נא,כן,לא,דג נא,קר,קונוס עם דג ושני ירקות לבחירה. לא לנשים הרות. ללא גלוטן
קונוס דג,אצת נורי מגולגלת כקונוס ובתוכה אורז ומרכיבים לבחירה - שני דגים. ניתן להוסיף ירק לבחירתכם.,33 ₪,סושי,לא,,כן – רוטב סויה בצד,לא,לא,כן – שני דגים,כן – דג נא,לא,לא,לא,לא,לא,לא,לא – דג נא,בינוני,לא,דג נא,קר,קונוס עם שני דגים לבחירה. לא לנשים הרות. ללא גלוטן
ניגירי טמאגו,אצבע אורז עטופה טמאגו - 2 יחידות.,20 ₪,סושי,לא,,כן – רוטב סויה בצד,לא,לא,לא,לא,כן – טמאגו,לא,לא,לא,כן,לא,כן,כן,לא,ביצה,קר,2 יח׳. ביצת אומלט מתוקה על אורז. ללא גלוטן. צמחוני
ניגירי אבוקדו,אצבע אורז עטופה אבוקדו- 2 יחידות.,21 ₪,סושי,לא,,כן – רוטב סויה בצד,לא,לא,לא,לא,לא,לא,לא,כן,כן,לא,כן,כן,לא,ירקות,קר,2 יח׳. אבוקדו על אורז. ללא גלוטן. טבעוני
ניגירי קנפיו,אצבע אורז עטופה קנפיו - 2 יחידות,21 ₪,סושי,לא,,כן – רוטב סויה בצד,לא,לא,לא,לא,לא,לא,לא,כן,כן,לא,כן,כן,לא,ירקות,קר,2 יח׳. קנפיו על אורז. ללא גלוטן. טבעוני
ניגירי סלמון,אצבע אורז עטופה סלמון- 2 יחידות.,24 ₪,סושי,לא,,כן – רוטב סויה בצד,לא,לא,כן – סלמון נא,כן – סלמון נא,לא,לא,לא,לא,לא,לא,לא – דג נא,כן,לא,דג (סלמון נא),קר,2 יח׳. סלמון נא על אורז. לא לנשים הרות. ללא גלוטן
ניגירי טונה אדומה,אצבע אורז עטופה טונה אדומה- 2 יחידות.,27 ₪,סושי,לא,,כן – רוטב סויה בצד,לא,לא,כן – טונה נא,כן – טונה נא,לא,לא,לא,לא,לא,לא,לא – דג נא,כן,לא,דג (טונה נא),קר,2 יח׳. טונה אדומה נא על אורז. לא לנשים הרות. ללא גלוטן
ניגירי דניס,אצבע אורז עטופה דניס - 2 יחידות.,29 ₪,סושי,לא,,כן – רוטב סויה בצד,לא,לא,כן – דניס נא,כן – דניס נא,לא,לא,לא,לא,לא,לא,לא – דג נא,כן,לא,דג (דניס נא),קר,2 יח׳. דניס נא על אורז. לא לנשים הרות. ללא גלוטן
סשימי סלמון,נתחי סלמון.,39 ₪,סושי / סשימי,לא,,כן – בצד,לא,לא,כן – נא,כן,לא,לא,לא,לא,לא,לא,לא – דג נא,כן,לא,דג (סלמון נא),קר,נתחי סלמון נא. ללא אורז. לא לנשים הרות. ללא גלוטן
סשימי טונה,נתחי טונה אדומה.,42 ₪,סושי / סשימי,לא,,כן – בצד,לא,לא,כן – נא,כן,לא,לא,לא,לא,לא,לא,לא – דג נא,כן,לא,דג (טונה נא),קר,נתחי טונה אדומה נא. ללא אורז. לא לנשים הרות. ללא גלוטן
סשימי דניס,נתחי דניס.,48 ₪,סושי / סשימי,לא,,כן – בצד,לא,לא,כן – נא,כן,לא,לא,לא,לא,לא,לא,לא – דג נא,כן,לא,דג (דניס נא),קר,נתחי דניס נא. ללא אורז. לא לנשים הרות. ללא גלוטן
קריספי האמצ'י ויוזו,"האמצ'י, קנפיו מתובל, מלפפון, חלפיניו בציפוי - האמצ'י, איולי כמהין, כרישה קריספית אלרגנים- גלוטן, ביצים במשלוחים רוטב האיולי כמהין מגיע בצד",61 ₪,סושי,לא,,כן,כן – איולי כמהין,כן – גלוטן,כן – האמצ׳י נא,כן – האמצ׳י נא,כן – ביצים,לא,לא,לא,לא,לא,לא – דג נא,בינוני,לא,דג (האמצ׳י נא),קר,מכיל גלוטן וביצים. הדג נא. לא לנשים הרות. במשלוח האיולי בצד
האמצ'י כמהין,"האמצ'י , אבוקדו, מלפפון , בזיליקום , גבינת שמנת/ טופו שמנת, שיטאקי מתובל בציפוי - טוביקו, טבעות צ'ילי, איולי כמהין אלרגנים- לקטוז, גלוטן, ביצים במשלוחים הרוטב איולי כמהין בצד",59 ₪,סושי,לא,,כן – טופו/גבינת שמנת,כן – גבינת שמנת,כן – גלוטן,כן – האמצ׳י נא,כן – האמצ׳י נא,כן – ביצים,לא,לא,לא,לא,לא – דג נא,בינוני,לא,לא,דג (האמצ׳י נא),קר,"מכיל לקטוז, גלוטן וביצים. הדג נא. לא לנשים הרות. במשלוח האיולי בצד"
ג׳פנקו,"רול הבית של ג’פניקה. I/O בציפוי פנקו, מוגש חם עם רוטב טריאקי. לבחירה דג ושני ירקות או שלושה ירקות (ללא דג). (שימו לב כי הג'פנקו עובר טיגון עמוק מה שגורם לדג הנא להתבשל באופן חלקי)",42 ₪,סושי,לא,,כן – רוטב טריאקי,לא,כן – פנקו,לבחירה,לא – מתבשל,אפשרי,לא,לא,אפשרי,אפשרי,כן – טיגון,כן,לא,בינוני,לבחירה,חם,רול הבית. מטוגן בפנקו. הדג מתבשל בטיגון. מוגש חם עם טריאקי
ג'פנקו דג,רול הבית של ג’פניקה. I/O בציפוי פנקו. לבחירה שני דגים. ניתן להוסיף ירק לבחירתכם. שימו לב כי הג'פנקו עובר טיגון עמוק מה שגורם לדג הנא להתבשל באופן חלקי.,49 ₪,סושי,לא,,כן – רוטב טריאקי,לא,כן – פנקו,כן – שני דגים,לא – מתבשל,אפשרי,לא,לא,לא,לא,כן – טיגון,בינוני,לא,בינוני,דג מבושל,חם,רול הבית עם שני דגים. מטוגן בפנקו. הדג מתבשל. מוגש חם
בלאק טוביקו רול,"טונה אדומה, אבוקדו, מלפפון, בצל ירוק, גבינת שמנת, בציפוי טוביקו שחור ועלי מיקרו",61 ₪,סושי,לא,,כן,כן – גבינת שמנת,לא,כן – טונה נא,כן – טונה נא,לא,לא,לא,לא,לא,לא,לא – דג נא,בינוני,לא,דג (טונה נא),קר,"טונה נא, אבוקדו, גבינת שמנת בציפוי טוביקו שחור. לא לנשים הרות"
סלמון טוגרשי,"חריף   דג סלמון בטמפורה, גבינת שמנת, בצל ירוק, אבוקדו, בציפוי סלמון צרוב עם טוגרשי וזילוף טריאקי (בישיבה במסעדה)",59 ₪,סושי,כן,בינוני-חריף – טוגרשי,כן,כן – גבינת שמנת,לא,כן – סלמון,לא – סלמון צרוב,לא,לא,לא,לא,לא,לא,לא – חריף,בינוני,לא,דג (סלמון),חם,"חריף! סלמון בטמפורה, גבינת שמנת, ציפוי סלמון צרוב עם טוגרשי. בישיבה בלבד"
ווייט רויאל,"טונה אדומה, אבוקדו, טוביקו כתום וגבינת שמנת בציפוי דניס, עירית קצוצה, טוביקו שחור ונקודות של ספייסי מיונז",56 ₪,סושי,לא,,כן,כן – גבינת שמנת,לא,כן – טונה נא + דניס,כן – טונה נא,לא,לא,לא,לא,לא,לא,לא – דג נא,בינוני,לא,דג (טונה נא + דניס),קר,טונה אדומה ודניס. לא לנשים הרות. ללא גלוטן
רוק אנד רול,"סלמון נא, בטטה, טמאגו, קנפיו, בצל ירוק ודף סויה",54 ₪,סושי,לא,,כן,לא,לא,כן – סלמון נא,כן – סלמון נא,לא,לא,לא,לא,לא,לא,לא – דג נא,בינוני,לא,דג (סלמון נא),קר,"סלמון נא, בטטה, טמאגו, קנפיו, בצל ירוק. לא לנשים הרות. ללא גלוטן"
רוק אנד רול צמחוני,"צמחוני   בטטה, אבוקדו, טמאגו, בצל ירוק, קנפיו ודף סויה",49 ₪,סושי,לא,,כן,לא,לא,לא,לא,כן – טמאגו,לא,לא,לא,כן,לא,כן,כן,לא,ביצה,קר,"צמחוני! בטטה, אבוקדו, טמאגו, קנפיו, בצל ירוק. ללא גלוטן"
טייגר רול,"דג דניס נא/בטמפורה (לבחירה), גבינת שמנת, קנפיו, מלפפון ובצל ירוק בציפוי שבבי בטטה ושבבי סלק בזילוף ספייסי מיונז וטריאקי",54 ₪,סושי,לא,,כן,כן – גבינת שמנת,אפשרי,כן – דניס,לבחירה,לא,לא,לא,לא,לא,לא,לא,בינוני,לא,דג (דניס),קר/חם,דניס נא/בטמפורה לבחירה. ציפוי שבבי בטטה וסלק. ספייסי מיונז וטריאקי
תאי רול,"דג דניס, בזיליקום, עירית, אבוקדו, שיטאקי, לימון, טמאגו ואבוקדו בציפוי שבבי סלק בזילוף טריאקי מעל",52 ₪,סושי,לא,,כן,לא,לא,כן – דניס,לא – מבושל,כן – טמאגו,לא,לא,לא,כן,לא,כן,בינוני,לא,דג (דניס) + ביצה,קר,"דניס, בזיליקום, עירית, אבוקדו, שיטאקי, לימון, טמאגו. ציפוי שבבי סלק"
וולקנו רול,"דג דניס בטמפורה, גבינת שמנת, אבוקדו, עירית ומלפפון בציפוי סלמון מעושן, טוביקו ושבבי בזיליקום בזילוף טריאקי",58 ₪,סושי,לא,,כן,כן – גבינת שמנת,לא,כן – דניס + סלמון מעושן,לא – מבושל/מעושן,לא,לא,לא,לא,לא,לא,לא,בינוני,לא,דג (דניס + סלמון מעושן),קר,"דניס בטמפורה, גבינת שמנת, ציפוי סלמון מעושן וטוביקו. ללא גלוטן"
דניס רול,"חריף   דניס, אבוקדו, כוסברה, צ'ילי אדום בציפוי של ספייסי דניס ושבבי טמפורה.",54 ₪,סושי,כן,בינוני-חריף,כן,לא,לא,כן – דניס נא,כן – ספייסי דניס,לא,לא,לא,לא,לא,לא,לא – חריף,בינוני,לא,דג (דניס נא),קר,"חריף! דניס, אבוקדו, כוסברה, צ׳ילי, ציפוי ספייסי דניס. לא לנשים הרות"
פיני רול,"ספייסי טונה, גבינת שמנת, ביצי טוביקו, מלפפון ובצל ירוק בציפוי סלמון מעושן וקרנצ'י סלק.",52 ₪,סושי,לא,,כן,כן – גבינת שמנת,לא,כן – ספייסי טונה + סלמון מעושן,כן – ספייסי טונה,לא,לא,לא,לא,לא,לא,לא – דג נא,בינוני,לא,דג (טונה נא + סלמון מעושן),קר,"ספייסי טונה, גבינת שמנת, טוביקו, מלפפון. ציפוי סלמון מעושן. לא לנשים הרות"
מנטה רול,"סלמון נא, אבוקדו, כוסברה, נענע וחסה אייסברג בציפוי סלמון נא ושבבי בטטה.",51 ₪,סושי,לא,,כן,לא,לא,כן – סלמון נא,כן – סלמון נא,לא,לא,לא,לא,לא,לא,לא – דג נא,בינוני,לא,דג (סלמון נא),קר,"סלמון נא, אבוקדו, כוסברה, נענע, חסה. ציפוי סלמון נא ושבבי בטטה. לא לנשים הרות"
וול סטריט,"סלמון מעושן, סלמון נא, גבינת שמנת, מלפפון ואבוקדו בציפוי פנקו בזיליקום בזילוף מיונז בזיליקום.",45 ₪,סושי,לא,,כן,כן – גבינת שמנת,כן – פנקו,כן – סלמון נא + מעושן,כן – סלמון נא,לא,לא,לא,לא,לא,כן – פנקו,לא,בינוני,לא,דג (סלמון נא + מעושן),קר,"סלמון מעושן, סלמון נא, גבינת שמנת, ציפוי פנקו. לא לנשים הרות"
טוטורי סלמון,"סלמון אפוי, אבוקדו, קנפיו ובצל ירוק בציפוי שבבי בטטה.",45 ₪,סושי,לא,,כן,לא,לא,כן – סלמון אפוי,לא – אפוי,לא,לא,לא,לא,לא,לא,כן,בינוני,לא,דג (סלמון אפוי),קר,"סלמון אפוי, אבוקדו, קנפיו, בצל ירוק. ציפוי שבבי בטטה. ללא גלוטן. הדג אפוי – בטוח"
ויז׳ן רול,"סלמון נא, בצל ירוק, קנפיו, טמאגו ואבוקדו בציפוי טונה, סלמון, טמאגו, אבוקדו, בטטה ושבבי בוטנים.",49 ₪,סושי,לא,,כן,לא,לא,כן – סלמון נא + טונה,כן – סלמון + טונה נא,לא,כן – שבבי בוטנים,לא,לא,לא,לא,לא – דג נא,כן,לא,דג (סלמון + טונה נא),קר,"סלמון נא, קנפיו, טמאגו. ציפוי טונה, סלמון, אבוקדו ובוטנים. לא לנשים הרות. מכיל בוטנים"
אומאמי,"ספייסי טונה, בטטה בטמפורה, מלפפון, עירית ואספרגוס בציפוי טונה ואבוקדו.",54 ₪,סושי,לא,,כן,לא,אפשרי – טמפורה,כן – ספייסי טונה נא,כן – ספייסי טונה,לא,לא,לא,לא,לא,לא,לא – דג נא,בינוני,לא,דג (טונה נא),קר,"ספייסי טונה, בטטה בטמפורה, מלפפון, עירית, אספרגוס. ציפוי טונה ואבוקדו. לא לנשים הרות"
סלמון צ׳יז רול,"סלמון נא/סלמון בטמפורה (לבחירה), גבינת מוצרלה, אבוקדו ועירית בציפוי טמפורה. מוגש חם.",52 ₪,סושי,לא,,כן,כן – גבינת מוצרלה,אפשרי,כן – סלמון,לבחירה,לא,לא,לא,לא,לא,כן – מטוגן,כן,לא,לא,דג (סלמון),חם,סלמון ומוצרלה בציפוי טמפורה. מוגש חם. לבחירה נא/טמפורה
קריספי רול,"ספייסי סלמון/סלמון טמפורה (לבחירה), אבוקדו ובטטה בציפוי סלמון צרוב, שבבי בטטה, פנקו ובצל ירוק.",49 ₪,סושי,לא,,כן,לא,כן – פנקו,כן – סלמון צרוב,לא – סלמון צרוב,לא,לא,לא,לא,לא,כן – פנקו + צריבה,בינוני,לא,לא,דג (סלמון),חם,"ספייסי סלמון/טמפורה, אבוקדו, בטטה. ציפוי סלמון צרוב ופנקו"
סלמון ליים רול,"סלמון נא, אבוקדו, שיטאקי ופלחי לימון בציפוי סלמון מעושן, אבוקדו ופלחי לימון.",49 ₪,סושי,לא,,כן,לא,לא,כן – סלמון נא + מעושן,כן – סלמון נא,לא,לא,לא,לא,לא,לא,לא – דג נא,בינוני,לא,דג (סלמון נא + מעושן),קר,"סלמון נא, אבוקדו, שיטאקי, לימון. ציפוי סלמון מעושן ולימון. לא לנשים הרות"
סנסט,"סלמון בטמפורה, אבוקדו, מלפפון ועירית בציפוי בטטה.",44 ₪,סושי,לא,,כן,לא,אפשרי,כן – סלמון,לא – מבושל,לא,לא,לא,לא,לא,לא,כן,בינוני,לא,דג (סלמון בטמפורה),קר,"סלמון בטמפורה, אבוקדו, מלפפון, עירית. ציפוי בטטה. ללא גלוטן"
לטיני רול,"חריף   סלמון בטמפורה, ביצי טוביקו, אבוקדו וחלפיניו בציפוי ספייסי טונה, פצפוצי טמפורה וחלפיניו.",49 ₪,סושי,כן,בינוני-חריף – חלפיניו,כן,לא,אפשרי,כן – סלמון + ספייסי טונה,כן – ספייסי טונה,לא,לא,לא,לא,לא,לא,לא – חריף,בינוני,לא,דג (סלמון + טונה),קר,"חריף! סלמון בטמפורה, טוביקו, אבוקדו, חלפיניו. ציפוי ספייסי טונה. לא לנשים הרות"
ספיישל ג’פניקה,"סלמון נא, סלמון סקין, גזר, מלפפון ועירית בציפוי אבוקדו.",48 ₪,סושי,לא,,כן,לא,לא,כן – סלמון נא + סקין,כן – סלמון נא,לא,לא,לא,לא,לא,לא,לא – דג נא,בינוני,לא,דג (סלמון נא + סקין),קר,"סלמון נא, סלמון סקין, גזר, מלפפון, עירית. ציפוי אבוקדו. לא לנשים הרות"
סמוקי,"סלמון סקין, עירית, אבוקדו, מלפפון, טמאגו ושיטאקי בציפוי סלמון מעושן.",54 ₪,סושי,לא,,כן,לא,לא,כן – סלמון סקין + מעושן,לא – מבושל/מעושן,לא,לא,לא,לא,לא,לא,לא,בינוני,לא,דג (סלמון מעושן + סקין),קר,"סלמון סקין, עירית, אבוקדו, מלפפון, טמאגו, שיטאקי. ציפוי סלמון מעושן. ללא גלוטן"
ספיישל צמחוני,"צמחוני   בטטה בטמפורה, עירית, טמאגו, קנפיו ואספרגוס בציפוי אבוקדו.",43 ₪,סושי,לא,,כן,לא,אפשרי – טמפורה,לא,לא,כן – טמאגו,לא,לא,כן,כן,לא,כן,בינוני,לא,ביצה (טמאגו),קר,"צמחוני! בטטה בטמפורה, עירית, טמאגו, קנפיו, אספרגוס. ציפוי אבוקדו"
ריינבו צמחוני,"צמחוני   אספרגוס, אבוקדו, עירית ופטריות שיטאקי בציפוי בטטה וטמאגו.",43 ₪,סושי,לא,,כן,לא,לא,לא,לא,לא,לא,לא,כן,כן,לא,כן,כן,לא,ירקות,קר,"צמחוני! אספרגוס, אבוקדו, עירית, שיטאקי. ציפוי בטטה וטמאגו. ללא גלוטן"
קומבינציה צמחונית,צמחוני   8 יחידות ריינבו ווג’י רול | 6 יחידות מאקי בטטה בטמפורה | 2 יחידות ניגירי - אבוקדו וטמאגו.,47 ₪,סושי,לא,,כן,לא,אפשרי,לא,לא,כן – טמאגו,לא,לא,כן,כן,אפשרי,כן,כן,לא,ביצה (טמאגו),קר/חם,צמחוני! ריינבו ווג׳י 8 יח׳ + מאקי בטטה בטמפורה 6 יח׳ + ניגירי אבוקדו וטמאגו 2 יח׳
קומבינציה טבעונית,טבעוני   8 יחידות ריינבו ווג’י רול (ללא טמאגו) | 6 יחידות מאקי בטטה בטמפורה | 2 יחידות ניגירי אבוקדו.,47 ₪,סושי,לא,,כן,לא,אפשרי,לא,לא,לא,לא,לא,כן,כן,אפשרי,כן,כן,לא,ירקות,קר/חם,טבעוני! ריינבו ווג׳י ללא טמאגו 8 יח׳ + מאקי בטטה 6 יח׳ + ניגירי אבוקדו 2 יח׳
קומבינציית טוקיו,"6 יחידות מאקי בטטה בטמפורה | 4 יחידות פוטומאקי - טונה, אספרגוס ואבוקדו | 6 יחידות מאקי I/O - סלמון סקין, מלפפון ועירית.",62 ₪,סושי,לא,,כן,לא,כן,כן – סלמון נא + טונה,כן – דגים נאים,לא,לא,לא,לא,לא,לא,לא – דג נא,בינוני,לא,דג (סלמון + טונה),קר/חם,מאקי בטטה 6 יח׳ + פוטומאקי 4 יח׳ + מאקי I/O 6 יח׳. לא לנשים הרות
קומבינציית קאטאנה,"4 יחידות ספיישל ג’פניקה רול | 6 יחידות מאקי I/O - ספייסי טונה, מלפפון ועירית | 6 יחידות מאקי אספרגוס.",65 ₪,סושי,לא,,כן,לא,לא,כן – ספייסי טונה,כן – ספייסי טונה,לא,לא,לא,לא,לא,לא,לא – דג נא,בינוני,לא,דג (טונה נא),קר,ספיישל ג׳פניקה 4 יח׳ + מאקי ספייסי טונה 6 יח׳ + מאקי אספרגוס 6 יח׳. לא לנשים הרות
קומבינציית מיקס,4 יחידות סמוקי רול | 4 יחידות ספיישל ג’פניקה רול | 6 יחידות מאקי - טונה ועירית | 2 יחידות סשימי טמאגו.,74 ₪,סושי,לא,,כן,לא,לא,כן – סלמון + טונה,כן – דגים נאים,לא,לא,לא,לא,לא,לא,לא – דג נא,בינוני,לא,דג (סלמון + טונה),קר,סמוקי 4 יח׳ + ספיישל 4 יח׳ + מאקי טונה 6 יח׳ + סשימי טמאגו 2 יח׳. לא לנשים הרות
קומבינציית סלמון,"4 יחידות סנסט רול | 6 יחידות מאקי I/O - ספייסי סלמון, מלפפון ועירית | 4 יחידות ניגירי סלמון.",74 ₪,סושי,לא,,כן,לא,לא,כן – סלמון נא,כן – סלמון נא,לא,לא,לא,לא,לא,לא,לא – דג נא,בינוני,לא,דג (סלמון נא),קר,סנסט 4 יח׳ + מאקי ספייסי סלמון I/O 6 יח׳ + ניגירי סלמון 4 יח׳. לא לנשים הרות
אלפרדו אסייאתי ירקות,"אטריות אודון מוקפצות בחלב קוקוס וסויה בהירה, עם ברוקולי, בצל סגול ופטריות בקישוט בצל ירוק",57 ₪,מנות עיקריות,לא,,כן – סויה בהירה,לא,כן – אודון,לא,לא,לא,לא,לא,כן,כן,כן – מוקפץ,כן,לא,לא,ירקות,חם,"אטריות אודון בחלב קוקוס וסויה. ברוקולי, פטריות, בצל. מכיל גלוטן. טבעוני"
אלפרדו אסייאתי טופו,"אטריות אודון מוקפצות בחלב קוקוס וסויה בהירה, עם ברוקולי, בצל סגול ופטריות בקישוט בצל ירוק",61 ₪,מנות עיקריות,לא,,כן,לא,כן – אודון,לא,לא,לא,לא,לא,כן,כן,כן – מוקפץ,כן,לא,לא,טופו,חם,אלפרדו אסייאתי עם טופו. מכיל גלוטן (אודון). צמחוני
אלפרדו אסייאתי עוף,"אטריות אודון מוקפצות בחלב קוקוס וסויה בהירה, עם ברוקולי, בצל סגול ופטריות בקישוט בצל ירוק",67 ₪,מנות עיקריות,לא,,כן,לא,כן – אודון,לא,לא,לא,לא,לא,לא,לא,כן – מוקפץ,כן,לא,לא,עוף,חם,אלפרדו אסייאתי עם עוף. מכיל גלוטן (אודון)
אלפרדו אסייאתי בקר,"אטריות אודון מוקפצות בחלב קוקוס וסויה בהירה, עם ברוקולי, בצל סגול ופטריות בקישוט בצל ירוק",69 ₪,מנות עיקריות,לא,,כן,לא,כן – אודון,לא,לא,לא,לא,לא,לא,לא,כן – מוקפץ,בינוני,לא,לא,בקר,חם,אלפרדו אסייאתי עם בקר. מכיל גלוטן (אודון). עשיר ומשביע
אלפרדו אסייאתי סלמון,"אטריות אודון מוקפצות בחלב קוקוס וסויה בהירה, עם ברוקולי, בצל סגול ופטריות בקישוט בצל ירוק",73 ₪,מנות עיקריות,לא,,כן,לא,כן – אודון,כן – סלמון מבושל,לא – מבושל,לא,לא,לא,לא,לא,כן – מוקפץ,בינוני,לא,לא,דג (סלמון),חם,אלפרדו אסייאתי עם סלמון. מכיל גלוטן (אודון). הסלמון מבושל – בטוח
פרש נודלס ירקות,"אטריות טריות מוקפצות בטריאקי עם כרוב, גזר, פטריות שמפניון, נבטים, ובצל ירוק.",49 ₪,מנות עיקריות,לא,,כן – טריאקי,לא,כן – אטריות,לא,לא,לא,לא,לא,כן,כן,כן – מוקפץ,כן,לא,לא,ירקות,חם,אטריות טריות בטריאקי עם ירקות. מכיל גלוטן. טבעוני
פרש נודלס טופו,"אטריות טריות מוקפצות בטריאקי עם כרוב, גזר, פטריות שמפניון, נבטים, ובצל ירוק",52 ₪,מנות עיקריות,לא,,כן,לא,כן – אטריות,לא,לא,לא,לא,לא,כן,כן,כן – מוקפץ,כן,לא,לא,טופו,חם,אטריות טריות בטריאקי עם טופו. צמחוני. מכיל גלוטן וסויה
פרש נודלס עוף,"אטריות טריות מוקפצות בטריאקי עם כרוב, גזר, פטריות שמפניון, נבטים, ובצל ירוק.",54 ₪,מנות עיקריות,לא,,כן,לא,כן – אטריות,לא,לא,לא,לא,לא,לא,לא,כן – מוקפץ,כן,לא,לא,עוף,חם,אטריות טריות בטריאקי עם עוף. מכיל גלוטן
פרש נודלס בקר,"אטריות טריות מוקפצות בטריאקי עם כרוב, גזר, פטריות שמפניון, נבטים, ובצל ירוק.",61 ₪,מנות עיקריות,לא,,כן,לא,כן – אטריות,לא,לא,לא,לא,לא,לא,לא,כן – מוקפץ,בינוני,לא,לא,בקר,חם,אטריות טריות בטריאקי עם בקר. מכיל גלוטן
ספיישל פרש נודלס,"עוף, בקר ואווז מעושן מוקפצים בטריאקי עם אטריות טריות, כרוב, גזר, פטריות שמפניון, נבטים, בצל ירוק.",63 ₪,מנות עיקריות,לא,,כן,לא,כן – אטריות,לא,לא,לא,לא,לא,לא,לא,כן – מוקפץ,לא,לא,כן,עוף + בקר + אווז מעושן,חם,"שלושה סוגי בשר: עוף, בקר ואווז מעושן. מכיל גלוטן"
מוקפץ עם בקר מפורק,"מרינדה של בקר מפורק, שבבי אורז, בצל ירוק, פלפל אדום, גזר, פטריות וברוקולי (פיקנטי)",68 ₪,מנות עיקריות,כן,קל-בינוני (פיקנטי),כן,לא,לא,לא,לא,לא,לא,לא,לא,לא,כן – מוקפץ,לא – חריף,לא,כן,בקר מפורק,חם,"פיקנטי! בקר מפורק, שבבי אורז, ירקות. ללא גלוטן. עשיר ומשביע"
מוקפץ סצ׳ואן,"רצועות בקר, אטריות אודון, בצל ירוק, פלפל אדום, גזר, פטריות וברוקולי ברוטב סצ'ואן",65 ₪,מנות עיקריות,כן,בינוני-חריף – סצ׳ואן,כן,לא,כן – אודון,לא,לא,לא,לא,לא,לא,לא,כן – מוקפץ,לא – חריף,לא,כן,בקר,חם,"חריף! רצועות בקר, אודון, ירקות ברוטב סצ׳ואן. מכיל גלוטן"
צ׳אנג מאי ירקות,"חריף   אטריות אודון מוקפצות בקארי אדום וחלב קוקוס עם פטריות שמפניון, פלפלים, בצל ירוק וקישוט כוסברה ובוטנים קלויים.",58 ₪,מנות עיקריות,כן,חריף – קארי אדום,לא,לא,כן – אודון,לא,לא,לא,כן – בוטנים,לא,כן,כן,כן – מוקפץ,לא – חריף,לא,כן,ירקות,חם,חריף! אודון בקארי אדום וחלב קוקוס. מכיל גלוטן ובוטנים. טבעוני
צ׳אנג מאי טופו,"חריף   אטריות אודון מוקפצות בקארי אדום וחלב קוקוס עם פטריות שמפניון, פלפלים, בצל ירוק וקישוט כוסברה ובוטנים קלויים.",59 ₪,מנות עיקריות,כן,חריף,כן,לא,כן – אודון,לא,לא,לא,כן – בוטנים,לא,כן,כן,כן – מוקפץ,לא – חריף,לא,כן,טופו,חם,חריף! אודון בקארי אדום עם טופו. מכיל גלוטן ובוטנים. צמחוני
צ׳אנג מאי עוף,"חריף   אטריות אודון מוקפצות בקארי אדום וחלב קוקוס עם פטריות שמפניון, פלפלים, בצל ירוק וקישוט כוסברה ובוטנים קלויים.",63 ₪,מנות עיקריות,כן,חריף,לא,לא,כן – אודון,לא,לא,לא,כן – בוטנים,לא,לא,לא,כן – מוקפץ,לא – חריף,לא,כן,עוף,חם,חריף! אודון בקארי אדום עם עוף. מכיל גלוטן ובוטנים
צ׳אנג מאי בקר,"חריף   אטריות אודון מוקפצות בקארי אדום וחלב קוקוס עם פטריות שמפניון, פלפלים, בצל ירוק וקישוט כוסברה ובוטנים קלויים.",67 ₪,מנות עיקריות,כן,חריף,לא,לא,כן – אודון,לא,לא,לא,כן – בוטנים,לא,לא,לא,כן – מוקפץ,לא – חריף,לא,כן,בקר,חם,חריף! אודון בקארי אדום עם בקר. מכיל גלוטן ובוטנים. עשיר ומשביע
מנילה סלמון,"אטריות אודון מוקפצות עם סלמון, פטריות שמפניון, ברוקולי, פלפלים ובצל ירוק. ברוטב סויה כהה ובזיליקום",63 ₪,מנות עיקריות,לא,,כן,לא,כן – אודון,כן – סלמון מבושל,לא – מבושל,לא,לא,לא,לא,לא,כן – מוקפץ,כן,לא,לא,דג (סלמון),חם,אודון עם סלמון ברוטב סויה כהה ובזיליקום. מכיל גלוטן. הסלמון מבושל – בטוח
פאד קי מאו בקר,"בשר עגל קצוץ ומוקפץ בסויה תאילנדית כהה עם שבבי אורז, ברוקולי, פטריות שמפיניון, פלפלים, בזיליקום וקישוט בצל ירוק.",63 ₪,מנות עיקריות,כן,בינוני,כן,לא,לא,לא,לא,לא,לא,לא,לא,לא,כן – מוקפץ,לא,לא,כן,בקר,חם,"בקר קצוץ בסויה תאילנדית עם שבבי אורז, ירקות ובזיליקום. ללא גלוטן"
פאד תאי ירקות,"אטריות אורז מוקפצות בצ'ילי וסויה מתוקה עם ביצה, כרוב, גזר, נבטים ובצל ירוק וקישוט של פלח לימון, כוסברה ובוטנים קלויים.",51 ₪,מנות עיקריות,קל – צ'ילי,קל-בינוני,כן – סויה מתוקה,לא,לא – אטריות אורז,לא,לא,כן – ביצה במנה,כן – בוטנים קלויים,לא,לא – ביצה,כן,כן – מוקפץ,"כן – מתון בחריפות, טעם מוכר",בינוני,בינוני,ביצה,חם,ללא גלוטן! מכיל ביצה ובוטנים. מנה תאילנדית קלאסית
פאד תאי טופו,"אטריות אורז מוקפצות בצ'ילי וסויה מתוקה עם ביצה, כרוב, גזר, נבטים ובצל ירוק וקישוט של פלח לימון, כוסברה ובוטנים קלויים.",56 ₪,מנות עיקריות,קל-בינוני,קל-בינוני,כן,לא,לא,לא,לא,כן,כן – בוטנים,לא,לא – ביצה,כן,כן,כן,בינוני,לא,טופו,חם,ללא גלוטן. מכיל ביצה. צמחוני
פאד תאי עוף,"אטריות אורז מוקפצות בצ'ילי וסויה מתוקה עם ביצה, כרוב, גזר, נבטים ובצל ירוק וקישוט של פלח לימון, כוסברה ובוטנים קלויים.",58 ₪,מנות עיקריות,קל-בינוני,קל-בינוני,כן,לא,לא,לא,לא,כן,כן – בוטנים,לא,לא,לא,כן,כן – קלאסי וטעים,בינוני,בינוני,עוף,חם,ללא גלוטן! מכיל ביצה ובוטנים. אחת המנות הפופולריות
פאד תאי בקר,"אטריות אורז מוקפצות בצ'ילי וסויה מתוקה עם ביצה, כרוב, גזר, נבטים ובצל ירוק וקישוט של פלח לימון, כוסברה ובוטנים קלויים.",61 ₪,מנות עיקריות,קל-בינוני,קל-בינוני,כן,לא,לא,לא,לא,כן,כן – בוטנים,לא,לא,לא,כן,בינוני – בקר,לא,כן,בקר,חם,ללא גלוטן. מכיל ביצה ובוטנים. גרסת הבקר – עשיר ומשביע
פאד תאי סלמון,"אטריות אורז מוקפצות בצ'ילי וסויה מתוקה עם ביצה, כרוב, גזר, נבטים ובצל ירוק וקישוט של פלח לימון, כוסברה ובוטנים קלויים.",62 ₪,מנות עיקריות,קל-בינוני,קל-בינוני,כן,לא,לא,כן – סלמון,לא – מבושל,כן,כן – בוטנים,לא,לא,לא,כן,בינוני,בינוני,בינוני,דג (סלמון מבושל),חם,ללא גלוטן. סלמון מבושל – בטוח. מכיל ביצה ובוטנים
מקאו ירקות,"חריף   אטריות אודון מוקפצות בקארי ירוק וחלב קוקוס עם ברוקולי, פטריות שמפניון, בצל ירוק, בזיליקום וקישוט כוסברה ובוטנים קלויים. (הרוטב מכיל בוטנים)",54 ₪,מנות עיקריות,כן,חריף – קארי ירוק,לא,לא – חלב קוקוס,כן – אטריות אודון,לא,לא,לא,כן – בוטנים קלויים,לא,כן,כן,כן – מוקפץ,"לא – חריף, קארי ירוק",לא,כן,ירקות,חם,חריף! מכיל בוטנים. אטריות אודון בקארי ירוק עם חלב קוקוס. טבעוני אך לא ללא גלוטן
מקאו טופו,"חריף   אטריות אודון מוקפצות בקארי ירוק וחלב קוקוס עם ברוקולי, פטריות שמפניון, בצל ירוק, בזיליקום וקישוט כוסברה ובוטנים קלויים. (הרוטב מכיל בוטנים)",58 ₪,מנות עיקריות,כן,חריף – קארי ירוק,כן,לא,כן – אודון,לא,לא,לא,כן – בוטנים,לא,כן,כן,כן – מוקפץ,לא – חריף,לא,כן,טופו,חם,חריף! אודון בקארי ירוק עם טופו. מכיל גלוטן ובוטנים. צמחוני
מקאו עוף,"חריף   אטריות אודון מוקפצות בקארי ירוק וחלב קוקוס עם ברוקולי, פטריות שמפניון, בצל ירוק, בזיליקום וקישוט כוסברה ובוטנים קלויים. (הרוטב מכיל בוטנים)",61 ₪,מנות עיקריות,כן,חריף,לא,לא,כן – אודון,לא,לא,לא,כן – בוטנים,לא,לא,לא,כן,לא – חריף,לא,כן,עוף,חם,חריף! בוטנים. מנה עשירה ומשביעה
מקאו בקר,"חריף   אטריות אודון מוקפצות בקארי ירוק וחלב קוקוס עם ברוקולי, פטריות שמפניון, בצל ירוק, בזיליקום וקישוט כוסברה ובוטנים קלויים. (הרוטב מכיל בוטנים)",65 ₪,מנות עיקריות,כן,חריף – קארי ירוק,לא,לא,כן – אודון,לא,לא,לא,כן – בוטנים,לא,לא,לא,כן – מוקפץ,לא – חריף,לא,כן,בקר,חם,חריף! אודון בקארי ירוק עם בקר. מכיל גלוטן ובוטנים. עשיר
מקאו סלמון,"חריף   אטריות אודון מוקפצות בקארי ירוק וחלב קוקוס עם ברוקולי, פטריות שמפניון, בצל ירוק, בזיליקום וקישוט כוסברה ובוטנים קלויים. (הרוטב מכיל בוטנים)",66 ₪,מנות עיקריות,כן,חריף,לא,לא,כן – אודון,כן – סלמון,לא,לא,כן – בוטנים,לא,לא,לא,כן,לא – חריף,לא,כן,דג (סלמון),חם,חריף! בוטנים. המנה הכי יקרה בסדרת המקאו
קארי מסמאן טופו,"חריף   תבשיל קארי מסמאן עם טופו, בטטה, קולורובי, בצל ירוק, פלפל אדום, עלי כפיר ליים ובזיליקום עם אורז בצד",54 ₪,מנות עיקריות,כן,חריף,כן – טופו,לא,לא,לא,לא,לא,כן – קארי מסמאן לעיתים מכיל בוטנים,לא,כן,כן,לא,לא – חריף,לא,כן – קארי עשיר,טופו,חם,"חריף! טבעוני, ללא גלוטן. קארי מסמאן עשיר. מגיע עם אורז"
מוקפץ צ'ילי קוקוס טופו,"טבעוני   קוביות טופו מוקפצות ברוטב פיקנטי עם חלב קוקוס, צ'ילי ותמרינדי, גזר, ברוקולי, בצל סגול, פלפל אדום, קולורבי, בצל ירוק, עלי תרד ופטריות. מוגש עם אורז מאודה.",59 ₪,מנות עיקריות,כן,בינוני-חריף,כן,לא,אפשרי,לא,לא,לא,לא,לא,כן,כן,כן – מוקפץ,לא – חריף,לא,כן,טופו,חם,"טבעוני! חריף בינוני. טופו בחלב קוקוס, צ׳ילי ותמרינדי עם ירקות. ללא גלוטן"
מוקפץ צ'ילי קוקוס עוף,"נתחי עוף בטמפורה מוקפצים ברוטב פיקנטי עם חלב קוקוס, צ'ילי ותמרינדי, גזר, ברוקולי, בצל סגול, פלפל אדום, קולורבי, בצל ירוק, עלי תרד ופטריות. מוגש עם אורז מאודה.",64 ₪,מנות עיקריות,כן,בינוני-חריף,לא,לא,כן – טמפורה,לא,לא,אפשרי,לא,לא,לא,לא,כן – מוקפץ,לא – חריף,לא,כן,עוף בטמפורה,חם,"חריף בינוני. עוף בטמפורה בחלב קוקוס, צ׳ילי ותמרינדי. מכיל גלוטן"
מוקפץ צ'ילי קוקוס בקר,"נתחי בקר בטמפורה מוקפצים ברוטב פיקנטי עם חלב קוקוס, צ'ילי ותמרינדי, גזר, ברוקולי, בצל סגול, פלפל אדום, קולורבי, בצל ירוק, עלי תרד ופטריות. מוגש עם אורז מאודה.",67 ₪,מנות עיקריות,כן,בינוני-חריף,לא,לא,כן – טמפורה,לא,לא,אפשרי,לא,לא,לא,לא,כן – מוקפץ,לא – חריף,לא,כן,בקר בטמפורה,חם,חריף בינוני. בקר בטמפורה בחלב קוקוס וצ׳ילי. מכיל גלוטן
מוקפץ צ'ילי קוקוס דג,"דג אמנון בטמפורה מוקפץ ברוטב פיקנטי עם חלב קוקוס, צ'ילי ותמרינדי, גזר, ברוקולי, בצל סגול, פלפל אדום, קולורבי, בצל ירוק ,עלי תרד ופטריות. מוגש עם אורז מאודה.",69 ₪,מנות עיקריות,כן,בינוני-חריף,לא,לא,כן – טמפורה,כן – אמנון,לא – מבושל,אפשרי,לא,לא,לא,לא,כן – מוקפץ,לא – חריף,לא,כן,דג (אמנון),חם,חריף בינוני. דג אמנון בטמפורה בחלב קוקוס וצ׳ילי. הדג מבושל – בטוח
קארי מסמאן דניס,"חריף   תבשיל קארי מסמאן עם דג דניס, בטטה, קולורובי, בצל ירוק, פלפל אדום, עלי כפיר ליים ובזיליקום עם אורז בצד",65 ₪,מנות עיקריות,כן,חריף,לא,לא,לא,כן – דניס מבושל,לא – מבושל,לא,אפשרי,לא,כן,כן,לא,לא – חריף,לא,כן,דג (דניס),חם,חריף! קארי מסמאן עם דניס. ללא גלוטן. הדג מבושל – בטוח. מגיע עם אורז
קארי מסמאן עוף,"חריף   תבשיל קארי מסמאן עם עוף, בטטה, קולורובי, בצל ירוק, פלפל אדום, עלי כפיר ליים ובזיליקום עם אורז בצד",57 ₪,מנות עיקריות,כן,חריף,לא,לא,לא,לא,לא,לא,אפשרי,לא,לא,לא,לא,לא – חריף,לא,כן,עוף,חם,חריף! קארי מסמאן עם עוף. ללא גלוטן. מגיע עם אורז
חמוץ מתוק,"כדורי עוף בטמפורה מוקפצים ברוטב חמוץ מתוק עם פטריות שמפניון, פלפלים, בצל סגול, אננס ובוטנים. מוגש עם אורז מאודה.",59 ₪,מנות עיקריות,לא,,לא,לא,כן – טמפורה,לא,לא,אפשרי,כן – בוטנים,לא,לא,לא,כן – בטמפורה,"כן – מתוק, ללא חריפות, מוכר",לא,כן,עוף,חם,ללא חריפות! אחת המנות הכי ידידותיות לילדים. מכיל בוטנים ואננס. כדורי עוף מטוגנים
באן בורגר אסייתי,"המבורגר בלחמניית באן, רוטב ברביקיו, ספייסי מיונז, מלפפון חמוץ, בצל סגול וחסה אייסברג. מוגש עם רצועות קריספי בטטה מידת עשייה - מדיום וול.",57 ₪,באן,קל,קל,לא,לא,כן – לחמנייה,לא,לא,כן – מיונז,לא,לא,לא,לא,לא,כן,לא,כן,בקר (המבורגר),חם,המבורגר בלחמניית באן עם בטטה קריספי. מדיום-וול. 2 יחידות
פאד קפאו בקר,"בשר עגל קצוץ בתיבול תאילנדי, פלפלים, בצל, עלי נענע, למון גראס וקפיר ליים. על מצע אורז מאודה ומעל ביצת עין. *מרכיבי המנה יכולים להשתנות תלוי סניף",62 ₪,מנות עיקריות,כן,בינוני-חריף,לא,לא,לא,לא,לא,כן – ביצת עין,לא,לא,לא,לא,כן – מוקפץ,לא – חריף,לא,כן,בקר,חם,בקר בתיבול תאילנדי עם ירקות ונענע. על מצע אורז עם ביצת עין. ללא גלוטן. מרכיבים משתנים לפי סניף
דג בקשיו,"רצועות דג בטמפורה מוקפצות ברוטב צ'ילי תמרינדי עם פלפל מתוק מעושן, גזר, פלפלים, בצל סגול, בצל ירוק וקשיו. מוגש עם אורז מאודה.",64 ₪,מנות עיקריות,קל,קל-בינוני,לא,לא,אפשרי,כן – דג מבושל,לא – מבושל,אפשרי,כן – קשיו,לא,לא,לא,כן – מוקפץ,לא,לא,כן,דג מטוגן,חם,רצועות דג בטמפורה ברוטב צ׳ילי תמרינדי עם ירקות וקשיו. מוגש עם אורז. מכיל אגוזי קשיו
עוף בקשיו,"רצועות עוף בטמפורה מוקפצות ברוטב צ'ילי תמרינדי עם פלפל מתוק מעושן, גזר, פלפלים, בצל סגול, בצל ירוק וקשיו. מוגש עם אורז מאודה.",63 ₪,מנות עיקריות,קל,קל-בינוני,לא,לא,אפשרי,לא,לא,אפשרי,כן – קשיו,לא,לא,לא,כן – מוקפץ,לא,לא,כן,עוף,חם,רצועות עוף בטמפורה ברוטב צ׳ילי תמרינדי עם ירקות וקשיו. מוגש עם אורז. מכיל אגוזי קשיו
טופו סאמוי,"חריף   טופו מוקפץ בקארי אדום וחלב קוקוס עם ברוקולי, קולורבי, פטריות שמפניון, פלפלים בצל ירוק ובזיליקום. מוגש עם אורז מאודה.",57 ₪,מנות עיקריות,כן,חריף – קארי אדום,כן,לא,לא,לא,לא,לא,לא,לא,כן,כן,כן – מוקפץ,לא – חריף,לא,כן,טופו,חם,חריף! טופו בקארי אדום וחלב קוקוס עם ירקות. ללא גלוטן. טבעוני. מוגש עם אורז
צ׳יקן סאמוי,"חריף   נתחי עוף מוקפצים בקארי אדום וחלב קוקוס עם ברוקולי, קולורבי, פטריות שמפניון, פלפלים, בצל ירוק ובזיליקום. מוגש עם אורז מאודה.",64 ₪,מנות עיקריות,כן,חריף – קארי אדום,לא,לא,לא,לא,לא,לא,לא,לא,לא,לא,כן – מוקפץ,לא – חריף,לא,כן,עוף,חם,חריף! עוף בקארי אדום וחלב קוקוס עם ירקות. ללא גלוטן. מוגש עם אורז
ביף סאמוי,"חריף   נתחי בקר מוקפצים בקארי אדום וחלב קוקוס עם ברוקולי, קולורבי, פטריות שמפניון, פלפלים, בצל ירוק ובזיליקום. מוגש עם אורז מאודה.",67 ₪,מנות עיקריות,כן,חריף – קארי אדום,לא,לא,לא,לא,לא,לא,לא,לא,לא,לא,כן – מוקפץ,לא – חריף,לא,כן,בקר,חם,חריף! בקר בקארי אדום וחלב קוקוס עם ירקות. ללא גלוטן. מוגש עם אורז
צ׳זה טופו,"חצילים מוקפצים עם פטריות שמפניון ובצל ירוק ברוטב מתקתק של סויה וג'ינג'ר, מוגש על מצע אורז מאודה.",54 ₪,מנות עיקריות,לא,,כן,לא,לא,לא,לא,לא,לא,לא,כן,כן,כן – מוקפץ,כן,לא,לא,טופו,חם,"חצילים, פטריות ובצל ירוק ברוטב סויה-ג׳ינג׳ר עם טופו. ללא גלוטן. טבעוני. מוגש עם אורז"
צ׳זה עוף,"חצילים מוקפצים עם פטריות שמפניון ובצל ירוק ברוטב מתקתק של סויה וג'ינג'ר, מוגש על מצע אורז מאודה.",57 ₪,מנות עיקריות,לא,,כן,לא,לא,לא,לא,לא,לא,לא,לא,לא,כן – מוקפץ,כן,לא,לא,עוף,חם,"חצילים, פטריות ובצל ירוק ברוטב סויה-ג׳ינג׳ר עם עוף. ללא גלוטן. מוגש עם אורז"
צ׳זה בקר,"חצילים מוקפצים עם פטריות שמפניון ובצל ירוק ברוטב מתקתק של סויה וג'ינג'ר, מוגש על מצע אורז מאודה.",66 ₪,מנות עיקריות,לא,,כן,לא,לא,לא,לא,לא,לא,לא,לא,לא,כן – מוקפץ,בינוני,לא,כן,בקר,חם,"חצילים, פטריות ובצל ירוק ברוטב סויה-ג׳ינג׳ר עם בקר. ללא גלוטן. מוגש עם אורז"
פילה סלמון גריל,פילה סלמון במרינדה סינית. מוגש עם אורז ירקות מוקפץ וסלט אישי.,83 ₪,מנות גריל,לא,,כן – מרינדה סינית,לא,לא,כן – סלמון,לא – בגריל,לא,לא,לא,לא,לא,לא – גריל,כן – דג גריל עדין,"כן – גריל, מגיע עם אורז וסלט",לא,דג (סלמון גריל),חם,ללא גלוטן! מנה בריאה יחסית. אחת המנות הקלות ביותר. הדג מבושל – בטוח לנשים הרות
חזה עוף בגריל,חזה עוף במרינדה סינית. מוגש עם אורז ירקות מוקפץ וסלט אישי.,59 ₪,מנות גריל,לא,,כן – מרינדה סינית,לא,לא,לא,לא,לא,לא,לא,לא,לא,לא – גריל,כן,כן,לא,עוף גריל,חם,ללא גלוטן! מנה קלה ובריאה. אורז ירקות + סלט נלווים
טוריקצ׳ו,חזה עוף בפנקו. מוגש עם אורז מאודה וסלט אישי.,57 ₪,מנות עיקריות,לא,,לא,לא,כן – פנקו,לא,לא,אפשרי – ציפוי,לא,לא,לא,לא,כן – פנקו,כן – שניצל עוף יפני!,לא,בינוני,עוף,חם,"שניצל עוף יפני קלאסי (טוריקצ'ו = chicken cutlet). ידידותי לילדים, מגיע עם אורז מאודה"
באן בורגר קידס,"המבורגר בלחמניית באן, קטשופ, מלפפון חמוץ וחסה אייסברג (ניתן להזמין ללא קטשופ). מוגש עם רצועות קריספי בטטה. מידת עשייה - מדיום וול",44 ₪,תפריט ילדים,לא,,לא,לא,כן – לחמנייה,לא,לא,לא,לא,לא,לא,לא,לא,כן – תפריט ילדים מיועד!,לא,בינוני,בקר (המבורגר),חם,מותאם לילדים! ניתן להזמין ללא קטשופ. מגיע עם בטטה קריספי
קריספי צ׳יקן קידס,"כדורי עוף פריכים בתוספת אורז מאודה וקטשופ. הארוחה כוללת שתייה קלה לבחירה (מיץ תפוזים, ענבים או לימונדה) וכדור גלידה לקינוח.",44 ₪,תפריט ילדים,לא,,לא,לא,כן,לא,לא,לא,לא,לא,לא,לא,כן,כן – תפריט ילדים עם שתייה וגלידה!,לא,בינוני,עוף,חם,ארוחת ילדים כוללת: כדורי עוף + אורז + קטשופ + שתייה קלה + כדור גלידה
אצבעות עוף,"אצבעות עוף בציפוי פנקו בתוספת אורז מאודה וקטשופ. הארוחה כוללת שתייה קלה לבחירה (מיץ תפוזים, ענבים או לימונדה) וכדור גלידה לקינוח.",44 ₪,תפריט ילדים,לא,,לא,לא,כן – ציפוי פנקו,לא,לא,לא,לא,לא,לא,לא,כן,כן – תפריט ילדים מיועד!,לא,בינוני,עוף,חם,ארוחת ילדים מלאה עם שתייה וגלידה. אצבעות עוף קלאסי
פרש נודלס קידס טופו,"אטריות טריות מוקפצות בטריאקי עם טופו. הארוחה כוללת שתייה קלה לבחירה (מיץ תפוזים, ענבים או לימונדה) וכדור גלידה לקינוח.",44 ₪,תפריט ילדים,לא,,כן,לא,כן – אטריות,לא,לא,לא,לא,לא,כן,כן,כן – מוקפץ,כן – תפריט ילדים עם שתייה וגלידה!,בינוני,לא,טופו,חם,ארוחת ילדים: אטריות בטריאקי עם טופו + שתייה קלה + כדור גלידה. מכיל גלוטן
פרש נודלס קידס עוף,"אטריות טריות מוקפצות בטריאקי עם רצועות עוף. הארוחה כוללת שתייה קלה לבחירה (מיץ תפוזים, ענבים או לימונדה) וכדור גלידה לקינוח.",44 ₪,תפריט ילדים,לא,,כן,לא,כן – אטריות,לא,לא,לא,לא,לא,לא,לא,כן – מוקפץ,כן – תפריט ילדים עם שתייה וגלידה!,בינוני,לא,עוף,חם,ארוחת ילדים: אטריות בטריאקי עם עוף + שתייה קלה + כדור גלידה. מכיל גלוטן
פאד תאי קידס טופו ללא גלוטן,ללא גלוטן   אטריות אורז מוקפצות ברוטב סויה-צ'ילי מתוק עם קוביות טופו מוקפצות לבחירה. הארוחה כוללת שתייה קלה לבחירה (מים/סודה),44 ₪,תפריט ילדים,לא,,כן – סויה-צ'ילי מתוק,לא,לא,לא,לא,לא,לא,לא,כן,כן,כן,"כן – תפריט ילדים, ללא גלוטן!",בינוני,לא,טופו,חם,ללא גלוטן! טבעוני! ארוחת ילדים עם שתייה. אידיאלי לילדים עם צליאק
פאד תאי קידס עוף ללא גלוטן,ללא גלוטן   אטריות אורז מוקפצות ברוטב סויה-צ'ילי מתוק עם רצועות עוף מוקפצות לבחירה. הארוחה כוללת שתייה קלה לבחירה (מים/סודה),44 ₪,תפריט ילדים,לא,,כן,לא,לא,לא,לא,לא,לא,לא,לא,לא,כן,כן – תפריט ילדים ללא גלוטן,בינוני,לא,עוף,חם,ללא גלוטן! ארוחת ילדים עם עוף. עם שתייה
רוטב בוטנים וחלב קוקוס משפחתי,,36 ₪,תוספות,לא,,לא,לא,לא,לא,לא,לא,כן – בוטנים,לא,כן,כן,לא,כן,כן,לא,אין,קר,רוטב משפחתי. מכיל בוטנים – לא לאלרגיה. ללא גלוטן. טבעוני
רוטב טריאקי משפחתי,,29 ₪,תוספות,לא,,כן – סויה,לא,לא,לא,לא,לא,לא,לא,כן,כן,לא,כן,כן,לא,אין,קר,רוטב טריאקי משפחתי. מכיל סויה. ללא גלוטן. טבעוני
רוטב ספייסי מיונז משפחתי,,29 ₪,תוספות,כן,קל-בינוני,לא,לא,לא,לא,לא,כן – מיונז,לא,לא,לא,כן,לא,כן,לא,לא,אין,קר,רוטב ספייסי מיונז משפחתי. מכיל ביצים. ללא גלוטן
מגש מסיבה גדול,"מורכב מעשרה רולים, 80 יחידות, חמישה רולים עם דגים (סלמון נא, סלמון אפוי, סלמון מטוגן, טונה אדומה, ספייסי טונה, ספייסי סלמון ודניס) וחמישה רולים צמחוניים. סוגי הדגים שמגיעים במגש מגיעים לפי זמינות סוגי הדגים שבסניף",370 ₪,מגשים,לא,,כן,לא,לא,כן – דגים שונים,כן – דגים נאים,לא,לא,לא,לא,לא,לא,לא – דג נא,כן,לא,דג נא + ירקות,קר,10 רולים 80 יח׳. 5 רולי דג + 5 צמחוניים. לא לנשים הרות. סוגי הדגים לפי זמינות
מגש מסיבה קטן,"מורכב משמונה רולים, 64 יחידות, ארבעה רולים עם דגים (סלמון נא, סלמון אפוי, סלמון מטוגן, טונה אדומה, ספייסי טונה, ספייסי סלמון ודניס) וארבעה רולים צמחוניים. סוגי הדגים שמגיעים במגש מגיעים לפי זמינות סוגי הדגים שבסניף",299 ₪,מגשים,לא,,כן,לא,לא,כן – דגים שונים,כן – דגים נאים,לא,לא,לא,לא,לא,לא,לא – דג נא,כן,לא,דג נא + ירקות,קר,8 רולים 64 יח׳. 4 רולי דג + 4 צמחוניים. לא לנשים הרות. סוגי הדגים לפי זמינות
קטיפה אדומה,רד ולווט שכבות טורט פטל וקרם וניל עדין,31 ₪,קינוחים,לא,,לא,כן – קרם וניל,כן – עוגה,לא,לא,כן – עוגה,לא,לא,לא,כן,לא,כן – עוגה מתוקה,לא,כן – קינוח עשיר,אין,קר,"רד ולווט קלאסי. מכיל חלב, ביצים, גלוטן. עשיר ומתוק"
הבית של פיסטוק,"קראמבל באטר קראסט, קרם פיסטוק, קרם וניל עם צאנק שוקולד מריר",31 ₪,קינוחים,לא,,לא,כן – קרם וניל + חמאה,כן,לא,לא,כן,כן – פיסטוק,לא,לא,כן,לא,כן – קינוח עשיר,לא,כן,אין,קר,"קראמבל, קרם פיסטוק, קרם וניל ושוקולד מריר. מכיל גלוטן, חלב, ביצים ופיסטוק"
פרלינה נוצ׳לטו,"טבעוני   קראמבל שוקולד מלוח, קרם פרלינה ושוקולד נוגט, מצופה גאנש שוקולד מריר",31 ₪,קינוחים,לא,,לא,לא – טבעוני,כן – קראמבל,לא,לא,לא,כן – אפשרי בפרלינה,לא,כן,כן,לא,כן – שוקולד!,לא,כן,אין,קר,טבעוני! קינוח שוקולד עשיר. אחד הבודדים שטבעוני
בלונדיז,"קוביות בלונדיז, קרם קרמל מלוח בציפוי גאנש שוקולד מריר",31 ₪,קינוחים,לא,,לא,כן – קרמל + חמאה,כן,לא,לא,כן,לא,לא,לא,כן,לא,כן – קינוח עשיר,לא,כן,אין,קר,"קוביות בלונדיז, קרמל מלוח, גאנש שוקולד מריר. מכיל גלוטן, חלב, ביצים"
עוגת גבינה באסקית,עוגת גבינה אפויה באסקית עשירה ונימוחה מאוד על מצע של פירורי קרמבל אפוי (מוגש עם כדור גלידה בצד),42 ₪,קינוחים,לא,,לא,כן – גבינה שמנת,כן,לא,לא,כן,לא,לא,לא,כן,לא,כן,לא,כן,אין,קר,"מגיע עם כדור גלידה. עוגת גבינה אפויה עשירה. מכיל חלב, ביצים, גלוטן"
קוקיז קינדר ענק,עוגת קוקיז - משולש שכבות בצק עוגיות קוקיס שוקו צ'יפס שבינהן גנאש קינדר (מוגש עם כדור גלידה בצד),42 ₪,קינוחים,לא,,לא,כן – קינדר,כן,לא,לא,כן,לא,לא,לא,כן,לא,כן – שוקולד,לא,כן,אין,קר,"עוגת קוקיז שכבות עם גנאש קינדר. מוגש עם כדור גלידה. מכיל גלוטן, חלב, ביצים"
טארט לימון פיסטוק (פרווה),"קריספי פייטה פיסטוק ושוקולד לבן קרמו לימון, קרם שנטילי וניל",41 ₪,קינוחים,לא,,לא,לא – פרווה,כן,לא,לא,לא,כן – פיסטוק,לא,כן,כן,לא,כן,לא,כן,אין,קר,"פרווה! קריספי פייטה פיסטוק, קרמו לימון, שנטילי וניל. מכיל גלוטן ופיסטוק"
כדור רושה,"טבעוני   שוקולד נוגט קראנצ'י, קרמו שוקולד, כיפת רושה במילוי נוגט, מצופה בגנאש שוקולד מריר",37 ₪,קינוחים,לא,,לא,לא – טבעוני,כן,לא,לא,לא,כן – פרוצ'ט,לא,כן,כן,לא,כן – שוקולד,לא,כן,אין,קר,טבעוני! מכיל אגוזים (פרוצ'ט). קינוח שוקולד מרשים
סוויט לייק צ׳וקלט,עוגת שוקולד חמה על רוטב חלב מרוכז מוגשת עם כדור גלידה וניל ורוטב קרמל מלוח,41 ₪,קינוחים,לא,,לא,"כן – חלב מרוכז, גלידה",כן – עוגה,לא,לא,כן,לא,לא,לא,כן,לא,כן – שוקולד חם עם גלידה,לא,כן – קינוח עשיר מאוד,אין,חם (עם גלידה),עוגת שוקולד חמה! הניגוד חם-קר. מגיע עם גלידה ורוטב קרמל. פינוק אמיתי
קראק פאי,"פאי קרנצ'י של גרנולה, טופי, וניל וקרמל",41 ₪,קינוחים,לא,,לא,כן – קרמל + וניל,כן,לא,לא,כן,אפשרי,לא,לא,כן,לא,כן – קינוח עשיר,לא,כן,אין,קר,"פאי גרנולה קרנצ׳י עם טופי, וניל וקרמל. מכיל גלוטן וחלב"
ברולה,קרם ברולה צרפתי קלאסי,38 ₪,קינוחים,לא,,לא,כן – שמנת,לא,לא,לא,כן – חלמונים,לא,לא,לא,כן,לא,כן,לא,כן,אין,קר,ללא גלוטן! קלאסיק צרפתי. מכיל חלב וביצים. לא מכיל גלוטן – אפשרות טובה לצליאק שרוצים קינוח
קוקה קולה 1.5 ליטר,,15 ₪,שתייה,לא,,לא,לא,לא,לא,לא,לא,לא,לא,כן,כן,לא,כן,כן,לא,אין,קר,שתייה קלה. ללא אלרגנים עיקריים. מתאים לכולם
דיאט קולה 1.5 ליטר,,15 ₪,שתייה,לא,,לא,לא,לא,לא,לא,לא,לא,לא,כן,כן,לא,כן,כן,לא,אין,קר,שתייה קלה. ללא אלרגנים עיקריים. מתאים לכולם
קולה זירו 1.5 ליטר,,15 ₪,שתייה,לא,,לא,לא,לא,לא,לא,לא,לא,לא,כן,כן,לא,כן,כן,לא,אין,קר,שתייה קלה. ללא אלרגנים עיקריים. מתאים לכולם
ספרייט זירו 1.5 ליטר,,15 ₪,שתייה,לא,,לא,לא,לא,לא,לא,לא,לא,לא,כן,כן,לא,כן,כן,לא,אין,קר,שתייה קלה. ללא אלרגנים עיקריים. מתאים לכולם
פיוז טי 1.5 ליטר,,15 ₪,שתייה,לא,,לא,לא,לא,לא,לא,לא,לא,לא,כן,כן,לא,כן,כן,לא,אין,קר,שתייה קלה. ללא אלרגנים עיקריים. מתאים לכולם
קוקה קולה בקבוק אישי,"בקבוק אישי - 350 מ""ל (3.71 ₪ ל-100 מ""ל)",13 ₪,שתייה,לא,,לא,לא,לא,לא,לא,לא,לא,לא,כן,כן,לא,כן,כן,לא,אין,קר,שתייה קלה. ללא אלרגנים עיקריים. מתאים לכולם
דיאט קולה בקבוק אישי,"בקבוק אישי - 350 מ""ל (3.71 ₪ ל-100 מ""ל)",13 ₪,שתייה,לא,,לא,לא,לא,לא,לא,לא,לא,לא,כן,כן,לא,כן,כן,לא,אין,קר,שתייה קלה. ללא אלרגנים עיקריים. מתאים לכולם
קולה זירו בקבוק אישי,"בקבוק אישי - 350 מ""ל (3.71 ₪ ל-100 מ""ל)",13 ₪,שתייה,לא,,לא,לא,לא,לא,לא,לא,לא,לא,כן,כן,לא,כן,כן,לא,אין,קר,שתייה קלה. ללא אלרגנים עיקריים. מתאים לכולם
ספרייט בקבוק אישי,"בקבוק אישי - 350 מ""ל (3.71 ₪ ל-100 מ""ל)",13 ₪,שתייה,לא,,לא,לא,לא,לא,לא,לא,לא,לא,כן,כן,לא,כן,כן,לא,אין,קר,שתייה קלה. ללא אלרגנים עיקריים. מתאים לכולם
ספרייט זירו בקבוק אישי,"בקבוק אישי - 350 מ""ל (3.71 ₪ ל-100 מ""ל)",13 ₪,שתייה,לא,,לא,לא,לא,לא,לא,לא,לא,לא,כן,כן,לא,כן,כן,לא,אין,קר,שתייה קלה. ללא אלרגנים עיקריים. מתאים לכולם
פאנטה בקבוק אישי,"בקבוק אישי - 350 מ""ל (3.71 ₪ ל-100 מ""ל)",13 ₪,שתייה,לא,,לא,לא,לא,לא,לא,לא,לא,לא,כן,כן,לא,כן,כן,לא,אין,קר,שתייה קלה. ללא אלרגנים עיקריים. מתאים לכולם
פיוז טי בקבוק אישי,"בקבוק אישי - 330 מ""ל (3.94 ₪ ל-100 מ""ל)",13 ₪,שתייה,לא,,לא,לא,לא,לא,לא,לא,לא,לא,כן,כן,לא,כן,כן,לא,אין,קר,שתייה קלה. ללא אלרגנים עיקריים. מתאים לכולם
סודה בקבוק אישי,"בקבוק אישי - 250 מ""ל (4 ₪ ל-100 מ""ל)",10 ₪,שתייה,לא,,לא,לא,לא,לא,לא,לא,לא,לא,כן,כן,לא,כן,כן,לא,אין,קר,שתייה קלה. ללא אלרגנים עיקריים. מתאים לכולם
מים מינרלים בקבוק אישי,"בקבוק אישי - 500 מ""ל (2 ₪ ל-100 מ""ל)",10 ₪,שתייה,לא,,לא,לא,לא,לא,לא,לא,לא,לא,כן,כן,לא,כן,כן,לא,אין,קר,שתייה קלה. ללא אלרגנים עיקריים. מתאים לכולם
מיץ ענבים בקבוק אישי,,13 ₪,שתייה,לא,,לא,לא,לא,לא,לא,לא,לא,לא,כן,כן,לא,כן,כן,לא,אין,קר,שתייה קלה. ללא אלרגנים עיקריים. מתאים לכולם
קוקה קולה פחית,,10 ₪,שתייה,לא,,לא,לא,לא,לא,לא,לא,לא,לא,כן,כן,לא,כן,כן,לא,אין,קר,שתייה קלה. ללא אלרגנים עיקריים. מתאים לכולם
דיאט קולה פחית,,10 ₪,שתייה,לא,,לא,לא,לא,לא,לא,לא,לא,לא,כן,כן,לא,כן,כן,לא,אין,קר,שתייה קלה. ללא אלרגנים עיקריים. מתאים לכולם
קולה זירו פחית,,10 ₪,שתייה,לא,,לא,לא,לא,לא,לא,לא,לא,לא,כן,כן,לא,כן,כן,לא,אין,קר,שתייה קלה. ללא אלרגנים עיקריים. מתאים לכולם
ספרייט פחית,,10 ₪,שתייה,לא,,לא,לא,לא,לא,לא,לא,לא,לא,כן,כן,לא,כן,כן,לא,אין,קר,שתייה קלה. ללא אלרגנים עיקריים. מתאים לכולם
ספרייט זירו פחית,,10 ₪,שתייה,לא,,לא,לא,לא,לא,לא,לא,לא,לא,כן,כן,לא,כן,כן,לא,אין,קר,שתייה קלה. ללא אלרגנים עיקריים. מתאים לכולם
ספרייט 1.5 לטר,,15 ₪,שתייה,לא,,לא,לא,לא,לא,לא,לא,לא,לא,כן,כן,לא,כן,כן,לא,אין,קר,שתייה קלה. ללא אלרגנים עיקריים. מתאים לכולם
עסקית א’,"ג'פנקו, סלמון ציז רול, וול סטריט רול, קומבינציה צמחונית/טבעונית, פאד תאי ירקות/טופו, פרש נודלס ירקות/טופו וצ'זה טופו",68 ₪,עסקיות,לא,,כן,לא,כן,אפשרי,אפשרי,אפשרי,לא,לא,כן,כן,לא,כן,בינוני,לא,ירקות/טופו,חם/קר,"עסקית צמחונית/טבעונית. ג׳פנקו, סלמון ציז רול, וול סטריט, קומבינציה, פאד תאי, פרש נודלס, צ׳זה"
עסקית ב’,"אלפרדו אסייאתי ירקות, ספייסי טופו/צ'יקן סלט, קומבינציית טוקיו, קומבינציית קאטנה, פיני רול, מנטה רול, צ'אנג מאי ירקות, פאד תאי עוף, מקאו ירקות, פרש נודלס עוף, צ'יקן סאמוי, צ'זה עוף, טוריקאצ'ו, חזה עוף בגריל ובאן טופו (2 יח')",72 ₪,עסקיות,לא,,כן,לא,כן,לא,לא,לא,לא,לא,לא,לא,לא,כן,בינוני,לא,עוף/טופו,חם/קר,עסקית עוף/צמחוני. מגוון מנות עוף וצמחוניות
עסקית ג’,"מוקפץ צ'ילי קוקוס טופו/עוף, אלפרדו אסייאתי טופו/עוף, סלמון טוגרשי, קומבינציית סלמון, קומבינציית מיקס, צ'אנג מאי טופו/עוף, פאד תאי בקר, מקאו טופו/עוף, פרש נודלס בקר, ספיישל פרש נודלס, חמוץ מתוק, צ'זה בקר ובאן שניצל עוף (2 יח')",80 ₪,עסקיות,לא,,כן,לא,כן,כן,לא,אפשרי,לא,לא,לא,לא,לא,בינוני,לא,לא,עוף/בקר/סלמון,חם/קר,עסקית בקר/עוף/סלמון. מגוון מנות עשירות
עסקית ד’,"ביף סאמוי, אלפרדו אסייאתי בקר/סלמון, מוקפץ צ'ילי קוקוס בקר/דג, צ'אנג מאי בקר, פאד קי מאו בקר, מקאו סלמון, פאד קפאו בקר, פילה סלמון בגריל, קארי מסמאן עוף/דניס, מוקפץ סצ׳ואן, מוקפץ בקר מפורק, באן בורגר (2 יח׳) ובאן בקר מפורק (2 יח׳)",84 ₪,עסקיות,לא,,כן,לא,כן,כן,לא,כן,לא,לא,לא,לא,לא,בינוני,לא,לא,בקר/סלמון,חם/קר,"עסקית הפרמיום. בקר, סלמון ומנות עיקריות יוקרתיות"
קינוחים,,18 ₪,קינוחים,לא,,לא,לא,לא,לא,לא,לא,לא,לא,לא,כן,לא,לא,כן,לא,אין,קר,קינוחים כלליים. לפרטים נוספים פנה לצוות המסעדה
